,Index,Latitude,Longitude,2018
0,0,24.66818,71.33144,7.358204656527779
1,1,24.66818,71.41106,33.37712621833334
2,2,24.66818,71.49069,60.2668105225
3,3,24.66818,71.57031,81.39481672000001
4,4,24.66818,71.64994,20.215844418611116
5,5,24.66818,71.72956,29.326038677222225
6,6,24.66818,71.80919,39.58283011
7,7,24.66818,71.88882,57.228512550833344
8,8,24.66818,71.96844,42.8033962788889
9,9,24.66818,72.04807,55.99925051861111
10,10,24.66818,72.12769,11.504608987805558
11,11,24.66818,72.20732,5.282352281972222
12,12,24.66818,72.28694,4.4475868343055565
13,13,24.66818,72.36657,0.1811327843055556
14,14,24.58758,71.25181,0.5774703408055556
15,15,24.58758,71.33144,38.92538420416667
16,16,24.58758,71.41106,81.96112505666667
17,17,24.58758,71.49069,149.51944479722223
18,18,24.58758,71.57031,136.46521420833335
19,19,24.58758,71.64994,74.46511978583335
20,20,24.58758,71.72956,98.30739348944448
21,21,24.58758,71.80919,109.2027581588889
22,22,24.58758,71.88882,112.06023025500002
23,23,24.58758,71.96844,125.78551015555558
24,24,24.58758,72.04807,126.1465960625
25,25,24.58758,72.12769,67.91457600194445
26,26,24.58758,72.20732,44.26167408583334
27,27,24.58758,72.28694,34.922845468611115
28,28,24.58758,72.36657,4.570981456166668
29,29,24.50698,71.25181,0.2445198068888889
30,30,24.50698,71.33144,30.30167447277778
31,31,24.50698,71.41106,94.16617668944446
32,32,24.50698,71.49069,141.58038119166667
33,33,24.50698,71.57031,133.05839623333335
34,34,24.50698,71.64994,124.64444923500002
35,35,24.50698,71.72956,114.44108855861111
36,36,24.50698,71.80919,163.98675451111112
37,37,24.50698,71.88882,151.60365084444445
38,38,24.50698,71.96844,96.64025455277778
39,39,24.50698,72.04807,68.9991023813889
40,40,24.50698,72.12769,68.10419993972224
41,41,24.50698,72.20732,82.74064604472223
42,42,24.50698,72.28694,95.13745435
43,43,24.50698,72.36657,27.16699271722222
44,44,24.50698,72.44619,2.472054302805556
45,45,24.50698,72.60544,0.2883528583888889
46,46,24.50698,72.68507,0.5050442199166667
47,47,24.42638,71.33144,18.104976309805554
48,48,24.42638,71.41106,87.18706734916668
49,49,24.42638,71.49069,107.76723162972225
50,50,24.42638,71.57031,108.69329302583334
51,51,24.42638,71.64994,109.39361806805556
52,52,24.42638,71.72956,112.52528679527778
53,53,24.42638,71.80919,149.56517877083334
54,54,24.42638,71.88882,143.8506198611111
55,55,24.42638,71.96844,128.17153590555557
56,56,24.42638,72.04807,151.11972938611115
57,57,24.42638,72.12769,110.83611762916668
58,58,24.42638,72.20732,105.43980599416668
59,59,24.42638,72.28694,75.4771242138889
60,60,24.42638,72.36657,71.09514702472222
61,61,24.42638,72.44619,15.863058168055558
62,62,24.42638,72.52582,7.843836320666668
63,63,24.42638,72.60544,22.315470800000003
64,64,24.42638,72.68507,9.792539835388888
65,65,24.42638,73.00357,4.799338532888889
66,66,24.42638,73.08319,6.619802633888889
67,67,24.42638,73.16282,0.4112854360833334
68,68,24.34578,71.25181,0.1269729098333333
69,69,24.34578,71.33144,7.238929257722223
70,70,24.34578,71.41106,101.81795163666668
71,71,24.34578,71.49069,115.56397819638887
72,72,24.34578,71.57031,110.76865535944444
73,73,24.34578,71.64994,117.41281996583336
74,74,24.34578,71.72956,156.3950564027778
75,75,24.34578,71.80919,188.89953613611115
76,76,24.34578,71.88882,136.64638414444445
77,77,24.34578,71.96844,105.85061730055558
78,78,24.34578,72.04807,176.5788989638889
79,79,24.34578,72.12769,166.83769608611112
80,80,24.34578,72.20732,107.05220816694448
81,81,24.34578,72.28694,35.63730223888889
82,82,24.34578,72.36657,46.44223801527777
83,83,24.34578,72.44619,29.240195697500003
84,84,24.34578,72.52582,73.36360412055556
85,85,24.34578,72.60544,32.887100907500006
86,86,24.34578,72.68507,6.594067798555556
87,87,24.34578,73.00357,12.886258045194449
88,88,24.34578,73.08319,42.510512775277775
89,89,24.34578,73.16282,8.453467687583336
90,90,24.34578,73.24244,0.1248828380277777
91,91,24.26518,71.25181,1.1883916791944444
92,92,24.26518,71.33144,46.576632763888895
93,93,24.26518,71.41106,143.09997091944447
94,94,24.26518,71.49069,122.28183046833335
95,95,24.26518,71.57031,86.69993844750002
96,96,24.26518,71.64994,134.94139797916668
97,97,24.26518,71.72956,155.76376108055558
98,98,24.26518,71.80919,126.16820333277778
99,99,24.26518,71.88882,125.50565085777778
100,100,24.26518,71.96844,121.92425409722225
101,101,24.26518,72.04807,185.11578496111116
102,102,24.26518,72.12769,149.33042269166668
103,103,24.26518,72.20732,112.72206856333337
104,104,24.26518,72.28694,128.45529919361113
105,105,24.26518,72.36657,147.71144103611113
106,106,24.26518,72.44619,121.47818904333336
107,107,24.26518,72.52582,75.69147406694447
108,108,24.26518,72.60544,6.734478513250001
109,109,24.26518,72.68507,11.773728330416668
110,110,24.26518,72.76469,4.673086577277778
111,111,24.26518,72.84432,7.072047486222223
112,112,24.26518,72.92394,5.756880207444445
113,113,24.26518,73.00357,21.413116030833333
114,114,24.26518,73.08319,16.8041902375
115,115,24.26518,73.16282,1.2717761296666668
116,116,24.26518,73.24244,0.0252749306388888
117,117,24.18458,71.25181,0.3477833121111111
118,118,24.18458,71.33144,24.755821970000003
119,119,24.18458,71.41106,98.34035470111112
120,120,24.18458,71.49069,82.46621280500001
121,121,24.18458,71.57031,106.92987567916668
122,122,24.18458,71.64994,169.06419118888888
123,123,24.18458,71.72956,138.83007261833336
124,124,24.18458,71.80919,150.54305774444447
125,125,24.18458,71.88882,131.78219074166668
126,126,24.18458,71.96844,133.94767633611113
127,127,24.18458,72.04807,121.0047194338889
128,128,24.18458,72.12769,131.11411348833337
129,129,24.18458,72.20732,164.2993897277778
130,130,24.18458,72.28694,156.54729036944448
131,131,24.18458,72.36657,142.4475947527778
132,132,24.18458,72.44619,125.08444849166668
133,133,24.18458,72.52582,131.38500763611114
134,134,24.18458,72.60544,38.36472505861112
135,135,24.18458,72.68507,44.53329149722223
136,136,24.18458,72.76469,22.12498312416667
137,137,24.18458,72.84432,6.511792567055556
138,138,24.18458,72.92394,22.599900591111112
139,139,24.18458,73.00357,40.50774309388889
140,140,24.18458,73.08319,8.885949982055557
141,141,24.18458,73.16282,1.228299223555556
142,142,24.10398,71.25181,0.5754455938611112
143,143,24.10398,71.33144,30.885366440833334
144,144,24.10398,71.41106,86.00613551527779
145,145,24.10398,71.49069,107.03387047194444
146,146,24.10398,71.57031,123.09165658333332
147,147,24.10398,71.64994,162.07363170833335
148,148,24.10398,71.72956,114.69229336972224
149,149,24.10398,71.80919,128.1004022027778
150,150,24.10398,71.88882,129.60359638333335
151,151,24.10398,71.96844,127.68495794444446
152,152,24.10398,72.04807,107.573955335
153,153,24.10398,72.12769,149.37363137500003
154,154,24.10398,72.20732,160.04387410555557
155,155,24.10398,72.28694,172.64211400555558
156,156,24.10398,72.36657,141.46282660888892
157,157,24.10398,72.44619,136.50306148055557
158,158,24.10398,72.52582,160.10410436111113
159,159,24.10398,72.60544,108.43426131111111
160,160,24.10398,72.68507,52.20943811111112
161,161,24.10398,72.76469,12.697697241722222
162,162,24.10398,72.84432,8.868156274805557
163,163,24.10398,72.92394,56.12357965916667
164,164,24.10398,73.00357,184.7496888944445
165,165,24.10398,73.08319,68.97020848472222
166,166,24.10398,73.16282,26.80455334972223
167,167,24.10398,73.24244,0.14597551325
168,168,24.02338,71.25181,0.3256344400277778
169,169,24.02338,71.33144,16.09117868388889
170,170,24.02338,71.41106,62.032770472500005
171,171,24.02338,71.49069,82.84102311666668
172,172,24.02338,71.57031,92.12121380138888
173,173,24.02338,71.64994,136.30856683833335
174,174,24.02338,71.72956,124.12537172833332
175,175,24.02338,71.80919,120.46172460166667
176,176,24.02338,71.88882,117.50222377472222
177,177,24.02338,71.96844,113.18802641972222
178,178,24.02338,72.04807,150.0955183305556
179,179,24.02338,72.12769,162.5328568138889
180,180,24.02338,72.20732,222.6972948611111
181,181,24.02338,72.28694,180.79866199444447
182,182,24.02338,72.36657,98.72453903194446
183,183,24.02338,72.44619,107.1911888202778
184,184,24.02338,72.52582,94.61578177888887
185,185,24.02338,72.60544,81.98847092833336
186,186,24.02338,72.68507,87.49764484861113
187,187,24.02338,72.76469,50.731967396944455
188,188,24.02338,72.84432,10.558989353361111
189,189,24.02338,72.92394,65.6336663563889
190,190,24.02338,73.00357,189.6988656777778
191,191,24.02338,73.08319,154.3726800277778
192,192,24.02338,73.16282,51.78329923361112
193,193,24.02338,73.24244,18.763221449444448
194,194,24.02338,73.32207,2.3572802776388886
195,195,24.02338,73.40169,2.125690675305556
196,196,23.94278,70.13706,0.4001133326944445
197,197,23.94278,70.21669,1.8994802582222223
198,198,23.94278,70.37594,3.493088791777778
199,199,23.94278,70.45556,8.273269625361113
200,200,23.94278,70.53519,21.02406806577778
201,201,23.94278,70.61481,19.27415015861111
202,202,23.94278,70.69444,6.878986153611112
203,203,23.94278,70.77406,0.0137408814722222
204,204,23.94278,70.85369,0.0190515636111111
205,205,23.94278,71.01294,0.0075803125833333
206,206,23.94278,71.09256,0.2218778021944445
207,207,23.94278,71.25181,1.3658092551944443
208,208,23.94278,71.33144,71.69010215194444
209,209,23.94278,71.41106,70.50984944194445
210,210,23.94278,71.49069,70.05163404722222
211,211,23.94278,71.57031,98.45972442666668
212,212,23.94278,71.64994,261.9888059833333
213,213,23.94278,71.72956,151.26576738055556
214,214,23.94278,71.80919,100.79735078027778
215,215,23.94278,71.88882,70.345839925
216,216,23.94278,71.96844,137.78471543888892
217,217,23.94278,72.04807,150.33598583555556
218,218,23.94278,72.12769,182.64688874722225
219,219,23.94278,72.20732,223.33382965000004
220,220,23.94278,72.28694,183.76816134722225
221,221,23.94278,72.36657,169.45002999722226
222,222,23.94278,72.44619,144.77481864722225
223,223,23.94278,72.52582,153.9976433666667
224,224,23.94278,72.60544,152.99256304722223
225,225,23.94278,72.68507,224.98109650555557
226,226,23.94278,72.76469,114.6502422638889
227,227,23.94278,72.84432,95.38054339222222
228,228,23.94278,72.92394,158.4905200638889
229,229,23.94278,73.00357,260.7960637388889
230,230,23.94278,73.08319,254.78225198888887
231,231,23.94278,73.16282,76.00878874666668
232,232,23.94278,73.24244,18.16967693916667
233,233,23.94278,73.32207,22.171546353333337
234,234,23.94278,73.40169,20.883678966055555
235,235,23.86218,70.13706,1.2114892311944443
236,236,23.86218,70.21669,17.700444116111115
237,237,23.86218,70.29631,21.565454378138888
238,238,23.86218,70.37594,18.469148422777774
239,239,23.86218,70.45556,15.57801172505556
240,240,23.86218,70.53519,25.958988189722223
241,241,23.86218,70.61481,115.65749974055556
242,242,23.86218,70.69444,72.18836529972225
243,243,23.86218,70.77406,10.058258109194444
244,244,23.86218,70.85369,4.638215980027778
245,245,23.86218,71.01294,0.0569908370833333
246,246,23.86218,71.09256,4.18678508213889
247,247,23.86218,71.17219,4.187190784527778
248,248,23.86218,71.25181,14.55177529702778
249,249,23.86218,71.33144,89.3611670613889
250,250,23.86218,71.41106,65.13559701583335
251,251,23.86218,71.49069,95.81461927111113
252,252,23.86218,71.57031,155.789273365
253,253,23.86218,71.64994,233.98452417777776
254,254,23.86218,71.72956,167.42672177500003
255,255,23.86218,71.80919,100.04503568527775
256,256,23.86218,71.88882,129.46936820055555
257,257,23.86218,71.96844,225.81747564166665
258,258,23.86218,72.04807,180.69680785833336
259,259,23.86218,72.12769,168.00714070000004
260,260,23.86218,72.20732,215.9582629694445
261,261,23.86218,72.28694,213.59393141388887
262,262,23.86218,72.36657,183.94302578611115
263,263,23.86218,72.44619,187.0292299027778
264,264,23.86218,72.52582,145.08419206666667
265,265,23.86218,72.60544,172.77869966111112
266,266,23.86218,72.68507,221.3875630777778
267,267,23.86218,72.76469,159.74917390555555
268,268,23.86218,72.84432,218.6241544138889
269,269,23.86218,72.92394,216.48256175833336
270,270,23.86218,73.00357,176.95340683611116
271,271,23.86218,73.08319,225.2078450388889
272,272,23.86218,73.16282,178.67838033333337
273,273,23.86218,73.24244,44.55374489833334
274,274,23.86218,73.32207,65.40082380472224
275,275,23.86218,73.40169,8.554357952444446
276,276,23.78158,70.13706,0.0005902854444444
277,277,23.78158,70.21669,4.598428070583334
278,278,23.78158,70.29631,15.268622358166672
279,279,23.78158,70.37594,2.238175614138889
280,280,23.78158,70.45556,0.1105049807222222
281,281,23.78158,70.53519,0.0025399999444444
282,282,23.78158,70.61481,12.06375927575
283,283,23.78158,70.69444,35.08268223777779
284,284,23.78158,70.77406,13.883025780861113
285,285,23.78158,70.85369,1.2200267703055558
286,286,23.78158,71.09256,12.82866115075
287,287,23.78158,71.17219,33.440764746666666
288,288,23.78158,71.25181,14.94929157277778
289,289,23.78158,71.33144,50.78147782083333
290,290,23.78158,71.41106,12.52438741138889
291,291,23.78158,71.49069,45.77836359972223
292,292,23.78158,71.57031,105.00587885361114
293,293,23.78158,71.64994,123.25289091000003
294,294,23.78158,71.72956,165.2059288138889
295,295,23.78158,71.80919,174.17859946722223
296,296,23.78158,71.88882,255.2349425527778
297,297,23.78158,71.96844,205.89415273611112
298,298,23.78158,72.04807,245.92734484722223
299,299,23.78158,72.12769,254.35476301666668
300,300,23.78158,72.20732,271.8018188305556
301,301,23.78158,72.28694,278.5357860916667
302,302,23.78158,72.36657,189.99096553611116
303,303,23.78158,72.44619,195.95151394444443
304,304,23.78158,72.52582,185.5545692388889
305,305,23.78158,72.60544,211.17146427777783
306,306,23.78158,72.68507,223.0707079583333
307,307,23.78158,72.76469,231.07650800833335
308,308,23.78158,72.84432,188.70476870833332
309,309,23.78158,72.92394,338.9655032722223
310,310,23.78158,73.00357,234.2231636138889
311,311,23.78158,73.08319,161.39709430833338
312,312,23.78158,73.16282,79.90488624500001
313,313,23.78158,73.24244,131.3241871777778
314,314,23.78158,73.32207,121.04170503000005
315,315,23.78158,73.40169,15.454222414722222
316,316,23.78158,73.48132,1.7310747614722226
317,317,23.70098,68.70381,5.353396804722223
318,318,23.70098,68.78344,5.002051175
319,319,23.70098,69.10194,12.374431743333334
320,320,23.70098,69.18156,14.534195183611113
321,321,23.70098,70.45556,4.0372481925555554
322,322,23.70098,70.53519,21.50709692605556
323,323,23.70098,70.61481,96.68902471166668
324,324,23.70098,70.69444,80.35905763861112
325,325,23.70098,70.77406,28.07963016388889
326,326,23.70098,70.85369,2.2300855467500003
327,327,23.70098,70.93331,0.018061431
328,328,23.70098,71.09256,0.9896680696388892
329,329,23.70098,71.17219,0.6332136955833335
330,330,23.70098,71.25181,0.2018308036111111
331,331,23.70098,71.33144,7.064438079666667
332,332,23.70098,71.41106,11.25212507752778
333,333,23.70098,71.49069,67.31709459055557
334,334,23.70098,71.57031,111.70200051444446
335,335,23.70098,71.64994,105.41707292222226
336,336,23.70098,71.72956,183.212704125
337,337,23.70098,71.80919,281.49552917222223
338,338,23.70098,71.88882,227.42300499444443
339,339,23.70098,71.96844,214.62863539166668
340,340,23.70098,72.04807,240.86171131111112
341,341,23.70098,72.12769,268.4474300805556
342,342,23.70098,72.20732,241.89662000833331
343,343,23.70098,72.28694,189.36201434166668
344,344,23.70098,72.36657,181.72581819722225
345,345,23.70098,72.44619,208.1057103666667
346,346,23.70098,72.52582,185.01368460833336
347,347,23.70098,72.60544,228.68501238611117
348,348,23.70098,72.68507,254.6428209916667
349,349,23.70098,72.76469,233.13932546388887
350,350,23.70098,72.84432,182.40634706944448
351,351,23.70098,72.92394,296.1251822666667
352,352,23.70098,73.00357,197.3710785
353,353,23.70098,73.08319,71.24876201861112
354,354,23.70098,73.16282,46.37774435611112
355,355,23.70098,73.24244,175.48781290000002
356,356,23.70098,73.32207,187.34985820833333
357,357,23.70098,73.40169,39.377486654166674
358,358,23.70098,73.48132,27.912350656111112
359,359,23.70098,73.56094,0.1655962803611111
360,360,23.62038,68.70381,0.6783918850555555
361,361,23.62038,68.78344,0.6338687315555556
362,362,23.62038,68.94269,0.7786155392777778
363,363,23.62038,69.02231,1.7619236540277778
364,364,23.62038,69.10194,8.962213821027778
365,365,23.62038,69.18156,11.334971254611112
366,366,23.62038,70.29631,1.6467951434166668
367,367,23.62038,70.37594,40.193562347500006
368,368,23.62038,70.45556,113.15688706027778
369,369,23.62038,70.53519,67.02555688111111
370,370,23.62038,70.61481,46.953117267500005
371,371,23.62038,70.69444,91.36384317527778
372,372,23.62038,70.77406,31.189803230000003
373,373,23.62038,70.85369,11.931775887
374,374,23.62038,70.93331,9.204048408388893
375,375,23.62038,71.41106,26.01150804111112
376,376,23.62038,71.49069,113.69262843611112
377,377,23.62038,71.57031,137.36231930555556
378,378,23.62038,71.64994,156.48177740000003
379,379,23.62038,71.72956,141.94200768611114
380,380,23.62038,71.80919,305.84779696944446
381,381,23.62038,71.88882,228.0641216888889
382,382,23.62038,71.96844,155.02461116444448
383,383,23.62038,72.04807,160.3399208777778
384,384,23.62038,72.12769,143.20430121111113
385,385,23.62038,72.20732,149.92638102222222
386,386,23.62038,72.28694,183.43443681111117
387,387,23.62038,72.36657,137.99145338055555
388,388,23.62038,72.44619,187.8299005388889
389,389,23.62038,72.52582,248.04164081111117
390,390,23.62038,72.60544,216.15836335000003
391,391,23.62038,72.68507,178.80075666111114
392,392,23.62038,72.76469,170.0337990888889
393,393,23.62038,72.84432,176.32316081944447
394,394,23.62038,72.92394,199.9988598416667
395,395,23.62038,73.00357,146.63947400166666
396,396,23.62038,73.08319,224.3464597055556
397,397,23.62038,73.16282,85.30419053722223
398,398,23.62038,73.24244,75.00384373305556
399,399,23.62038,73.32207,141.223737075
400,400,23.62038,73.40169,93.68066681722222
401,401,23.62038,73.48132,149.9067174916667
402,402,23.62038,73.56094,36.86407592333334
403,403,23.62038,73.64057,8.31803730988889
404,404,23.53978,68.94269,0.5484789493611112
405,405,23.53978,69.02231,1.511849281027778
406,406,23.53978,69.10194,0.0482651987222222
407,407,23.53978,69.18156,2.17868923475
408,408,23.53978,69.34081,2.338240951611111
409,409,23.53978,69.42044,3.589226570194445
410,410,23.53978,69.50006,14.40006826902778
411,411,23.53978,69.57969,9.713096035944446
412,412,23.53978,69.65931,0.6526449904444446
413,413,23.53978,69.73894,0.5044350351666668
414,414,23.53978,69.81856,0.0063930871388888
415,415,23.53978,70.21669,0.2187464654444444
416,416,23.53978,70.29631,50.11359659972223
417,417,23.53978,70.37594,74.82635847222222
418,418,23.53978,70.45556,85.99513054166667
419,419,23.53978,70.53519,66.78955258055556
420,420,23.53978,70.61481,28.24082888638889
421,421,23.53978,70.69444,62.0695415575
422,422,23.53978,70.77406,70.22725740861112
423,423,23.53978,70.85369,26.92632895055556
424,424,23.53978,70.93331,4.586070562500001
425,425,23.53978,71.01294,1.953249094555556
426,426,23.53978,71.41106,1.982934051027778
427,427,23.53978,71.49069,18.00155059527778
428,428,23.53978,71.57031,96.76551352111112
429,429,23.53978,71.64994,124.45495584083336
430,430,23.53978,71.72956,150.45138191111116
431,431,23.53978,71.80919,177.13320415
432,432,23.53978,71.88882,214.2665460277778
433,433,23.53978,71.96844,118.41479302555555
434,434,23.53978,72.04807,106.74820644944448
435,435,23.53978,72.12769,151.35076184722223
436,436,23.53978,72.20732,184.65921994722223
437,437,23.53978,72.28694,219.22945615833336
438,438,23.53978,72.36657,211.55109022222223
439,439,23.53978,72.44619,234.95303218333336
440,440,23.53978,72.52582,232.65211359444444
441,441,23.53978,72.60544,240.05904008611117
442,442,23.53978,72.68507,252.09544331666672
443,443,23.53978,72.76469,176.75250245555554
444,444,23.53978,72.84432,94.53031858194446
445,445,23.53978,72.92394,142.31163598055556
446,446,23.53978,73.00357,219.736463775
447,447,23.53978,73.08319,260.8682725638889
448,448,23.53978,73.16282,137.91728910833334
449,449,23.53978,73.24244,160.1844003666667
450,450,23.53978,73.32207,136.31803193611114
451,451,23.53978,73.40169,118.98311719444445
452,452,23.53978,73.48132,163.2941262916667
453,453,23.53978,73.56094,103.38914936805556
454,454,23.53978,73.64057,77.08820575972221
455,455,23.45918,68.62419,0.0898914376666666
456,456,23.45918,68.70381,0.3144395256111111
457,457,23.45918,68.94269,0.3705322633888889
458,458,23.45918,69.02231,5.163941737361111
459,459,23.45918,69.10194,6.058135053805556
460,460,23.45918,69.18156,20.11848145116667
461,461,23.45918,69.34081,1.4328371485000002
462,462,23.45918,69.42044,3.327367411555555
463,463,23.45918,69.50006,45.29181877833334
464,464,23.45918,69.57969,31.790339099722225
465,465,23.45918,69.65931,45.75792407972224
466,466,23.45918,69.73894,64.01755608694444
467,467,23.45918,69.81856,2.9161455830000005
468,468,23.45918,69.89819,33.48014232972223
469,469,23.45918,69.97781,4.510952065500001
470,470,23.45918,70.13706,0.2234397443888889
471,471,23.45918,70.21669,0.4258262930277778
472,472,23.45918,70.29631,21.130983378916664
473,473,23.45918,70.37594,11.447561555361114
474,474,23.45918,70.45556,26.556244689722227
475,475,23.45918,70.53519,30.795869246111117
476,476,23.45918,70.61481,1.681040121361111
477,477,23.45918,70.69444,16.813352929333334
478,478,23.45918,70.77406,45.144197358888896
479,479,23.45918,70.85369,15.378533614472223
480,480,23.45918,70.93331,1.5469434858055555
481,481,23.45918,71.01294,1.01656084275
482,482,23.45918,71.49069,8.113665461916666
483,483,23.45918,71.57031,126.77932994305556
484,484,23.45918,71.64994,284.64819378333334
485,485,23.45918,71.72956,245.84603501388892
486,486,23.45918,71.80919,135.0705793127778
487,487,23.45918,71.88882,329.35528692222226
488,488,23.45918,71.96844,237.5308375888889
489,489,23.45918,72.04807,137.66543070000003
490,490,23.45918,72.12769,161.4588271277778
491,491,23.45918,72.20732,194.8606618194445
492,492,23.45918,72.28694,214.4519322527778
493,493,23.45918,72.36657,247.4496426055556
494,494,23.45918,72.44619,249.49532996944447
495,495,23.45918,72.52582,274.1510289666667
496,496,23.45918,72.60544,228.1249118277778
497,497,23.45918,72.68507,218.68308128888893
498,498,23.45918,72.76469,145.07086966833336
499,499,23.45918,72.84432,175.30668216666666
500,500,23.45918,72.92394,229.0950792
501,501,23.45918,73.00357,290.36663055
502,502,23.45918,73.08319,264.5484936972223
503,503,23.45918,73.16282,194.2012100194445
504,504,23.45918,73.24244,156.02959356666668
505,505,23.45918,73.32207,95.86460579055556
506,506,23.45918,73.40169,118.23699525861112
507,507,23.45918,73.48132,121.2388040666667
508,508,23.45918,73.56094,150.4996316666667
509,509,23.45918,73.64057,117.087083595
510,510,23.45918,73.72019,19.719198543333334
511,511,23.45918,73.79982,12.71916444888889
512,512,23.45918,73.87944,1.7974287935833335
513,513,23.37858,68.62419,0.0756162387777777
514,514,23.37858,68.70381,1.3873647449444446
515,515,23.37858,68.78344,3.4376352165000013
516,516,23.37858,68.86306,7.248737936444446
517,517,23.37858,68.94269,0.0991930349722222
518,518,23.37858,69.02231,7.503342565138889
519,519,23.37858,69.10194,19.76849476605556
520,520,23.37858,69.18156,19.69503643616667
521,521,23.37858,69.26119,9.09711980152778
522,522,23.37858,69.34081,0.5399957639166667
523,523,23.37858,69.42044,0.0005584109166666
524,524,23.37858,69.50006,0.19598736925
525,525,23.37858,69.57969,2.6027439551666665
526,526,23.37858,69.65931,32.42044289777778
527,527,23.37858,69.73894,43.95435608722222
528,528,23.37858,69.81856,3.1001222531111114
529,529,23.37858,69.89819,47.85270839
530,530,23.37858,69.97781,19.028847272333337
531,531,23.37858,70.05744,18.40827896925
532,532,23.37858,70.13706,30.658750321111107
533,533,23.37858,70.21669,108.94089103555557
534,534,23.37858,70.29631,32.801171090277776
535,535,23.37858,70.37594,40.49291314027778
536,536,23.37858,70.45556,82.34467379305555
537,537,23.37858,70.53519,59.21249686361112
538,538,23.37858,70.61481,12.263684458250005
539,539,23.37858,70.69444,2.141494561333334
540,540,23.37858,70.77406,27.76442395444445
541,541,23.37858,70.85369,24.075064023
542,542,23.37858,70.93331,0.1160329051944444
543,543,23.37858,71.57031,16.327329133944446
544,544,23.37858,71.64994,227.7761543888889
545,545,23.37858,71.72956,231.5461271083334
546,546,23.37858,71.80919,400.0378845972223
547,547,23.37858,71.88882,402.4273478250001
548,548,23.37858,71.96844,221.4020254138889
549,549,23.37858,72.04807,189.7544263388889
550,550,23.37858,72.12769,206.5722423138889
551,551,23.37858,72.20732,227.70605470277775
552,552,23.37858,72.28694,198.5257526
553,553,23.37858,72.36657,201.2886619555556
554,554,23.37858,72.44619,258.64327494722227
555,555,23.37858,72.52582,268.1611607777778
556,556,23.37858,72.60544,206.70527012500008
557,557,23.37858,72.68507,166.55049600833334
558,558,23.37858,72.76469,191.49751450833332
559,559,23.37858,72.84432,234.71471742222224
560,560,23.37858,72.92394,260.780777375
561,561,23.37858,73.00357,241.33522244722224
562,562,23.37858,73.08319,274.12371485833336
563,563,23.37858,73.16282,168.07166840555556
564,564,23.37858,73.24244,182.855075425
565,565,23.37858,73.32207,204.23883097222227
566,566,23.37858,73.40169,127.35206072500004
567,567,23.37858,73.48132,146.30776023055557
568,568,23.37858,73.56094,189.14019438333332
569,569,23.37858,73.64057,93.84120474833334
570,570,23.37858,73.72019,27.54641781833333
571,571,23.37858,73.79982,14.728931373055556
572,572,23.37858,73.87944,5.0274529057777775
573,573,23.37858,73.95907,1.4391387005833336
574,574,23.29797,68.70381,6.304386490472222
575,575,23.29797,68.78344,10.566407759055558
576,576,23.29797,68.86306,4.131021029277779
577,577,23.29797,68.94269,4.547492595972223
578,578,23.29797,69.02231,36.39173555305556
579,579,23.29797,69.10194,15.623635478055558
580,580,23.29797,69.18156,7.476533700333334
581,581,23.29797,69.26119,6.179556554222222
582,582,23.29797,69.34081,8.63328589288889
583,583,23.29797,69.42044,10.618488840833336
584,584,23.29797,69.50006,0.2576118221388889
585,585,23.29797,69.57969,2.6274842950833333
586,586,23.29797,69.65931,3.868270082583334
587,587,23.29797,69.73894,46.96395757527779
588,588,23.29797,69.81856,28.479354171333338
589,589,23.29797,69.89819,73.20856194888889
590,590,23.29797,69.97781,90.17215029833336
591,591,23.29797,70.05744,74.29410733250002
592,592,23.29797,70.13706,62.98130872444445
593,593,23.29797,70.21669,115.34327168666668
594,594,23.29797,70.29631,75.61319361305557
595,595,23.29797,70.37594,44.376037387777785
596,596,23.29797,70.45556,182.06099275833333
597,597,23.29797,70.53519,211.4393179
598,598,23.29797,70.61481,85.38801034861113
599,599,23.29797,70.69444,13.278361520111114
600,600,23.29797,70.77406,68.61975108361113
601,601,23.29797,70.85369,11.717919019638888
602,602,23.29797,70.93331,0.0077894285
603,603,23.29797,71.57031,0.3982927019444445
604,604,23.29797,71.64994,79.95626735666669
605,605,23.29797,71.72956,253.94803257777775
606,606,23.29797,71.80919,474.94906276388895
607,607,23.29797,71.88882,320.70598561111115
608,608,23.29797,71.96844,212.1229188833334
609,609,23.29797,72.04807,204.7177810694445
610,610,23.29797,72.12769,180.7877426305556
611,611,23.29797,72.20732,212.93509548611112
612,612,23.29797,72.28694,172.275970025
613,613,23.29797,72.36657,134.3605168777778
614,614,23.29797,72.44619,157.49511379444448
615,615,23.29797,72.52582,215.15040208611111
616,616,23.29797,72.60544,228.43609025000003
617,617,23.29797,72.68507,161.6072014861111
618,618,23.29797,72.76469,217.9456350638889
619,619,23.29797,72.84432,164.12396958333332
620,620,23.29797,72.92394,199.01256093888887
621,621,23.29797,73.00357,162.1772147388889
622,622,23.29797,73.08319,210.8785506416667
623,623,23.29797,73.16282,186.30670419722225
624,624,23.29797,73.24244,187.3164308277778
625,625,23.29797,73.32207,192.3927260444445
626,626,23.29797,73.40169,54.80356915472223
627,627,23.29797,73.48132,102.07437811916668
628,628,23.29797,73.56094,104.52329846666667
629,629,23.29797,73.64057,94.08237584138892
630,630,23.29797,73.72019,53.36242092861112
631,631,23.29797,73.79982,33.855929215
632,632,23.29797,73.87944,10.947559862222224
633,633,23.29797,73.95907,18.90065675277778
634,634,23.29797,74.03869,20.83022594416667
635,635,23.29797,74.11832,4.028197579916666
636,636,23.21737,68.70381,19.25101221805556
637,637,23.21737,68.78344,78.15762466666668
638,638,23.21737,68.86306,9.10814019052778
639,639,23.21737,68.94269,34.02940522222222
640,640,23.21737,69.02231,33.72176297555556
641,641,23.21737,69.10194,18.238788790694446
642,642,23.21737,69.18156,23.228711829750004
643,643,23.21737,69.26119,8.515844053416666
644,644,23.21737,69.34081,28.70202686972223
645,645,23.21737,69.42044,33.27064190972222
646,646,23.21737,69.50006,7.530292299416667
647,647,23.21737,69.57969,59.69215318916668
648,648,23.21737,69.65931,16.11072018455556
649,649,23.21737,69.73894,25.162304666222227
650,650,23.21737,69.81856,27.570363282500004
651,651,23.21737,69.89819,64.94864092861113
652,652,23.21737,69.97781,83.48126040444446
653,653,23.21737,70.05744,79.13856220277778
654,654,23.21737,70.13706,17.771699561944448
655,655,23.21737,70.21669,21.693619145777777
656,656,23.21737,70.29631,20.326739312222223
657,657,23.21737,70.37594,0.2912024411666667
658,658,23.21737,70.45556,55.994620536388894
659,659,23.21737,70.53519,126.83992215500002
660,660,23.21737,70.61481,21.015636073333336
661,661,23.21737,70.69444,1.1870355374166668
662,662,23.21737,70.77406,1.503589269222222
663,663,23.21737,70.93331,1.0591003480833334
664,664,23.21737,71.01294,12.426289772444449
665,665,23.21737,71.09256,18.485852530833338
666,666,23.21737,71.17219,17.76516607138889
667,667,23.21737,71.25181,2.9579983917500003
668,668,23.21737,71.33144,8.861543761777778
669,669,23.21737,71.41106,0.4624129115555556
670,670,23.21737,71.64994,13.264496896944449
671,671,23.21737,71.72956,131.69689581805557
672,672,23.21737,71.80919,295.5273424666668
673,673,23.21737,71.88882,357.22547361388894
674,674,23.21737,71.96844,270.2464938555556
675,675,23.21737,72.04807,269.6053089333334
676,676,23.21737,72.12769,181.513872775
677,677,23.21737,72.20732,153.96727499722223
678,678,23.21737,72.28694,159.0491623138889
679,679,23.21737,72.36657,173.26743485833336
680,680,23.21737,72.44619,121.16470230833336
681,681,23.21737,72.52582,142.00189931000003
682,682,23.21737,72.60544,116.27093781111112
683,683,23.21737,72.68507,91.10733412444446
684,684,23.21737,72.76469,174.7836880111111
685,685,23.21737,72.84432,169.08872178333337
686,686,23.21737,72.92394,189.12599096944447
687,687,23.21737,73.00357,153.9901519527778
688,688,23.21737,73.08319,188.16388828611116
689,689,23.21737,73.16282,156.49917052499998
690,690,23.21737,73.24244,212.45069716944445
691,691,23.21737,73.32207,222.84836113611112
692,692,23.21737,73.40169,72.22481113027779
693,693,23.21737,73.48132,61.29167726388889
694,694,23.21737,73.56094,47.49578984305556
695,695,23.21737,73.64057,90.09127744944443
696,696,23.21737,73.72019,89.88504450972222
697,697,23.21737,73.79982,101.8034631952778
698,698,23.21737,73.87944,42.67842552472223
699,699,23.21737,73.95907,61.972147517777785
700,700,23.21737,74.03869,41.40096934611112
701,701,23.21737,74.11832,9.56793563952778
702,702,23.21737,74.19794,0.8135662792500001
703,703,23.21737,74.27757,0.6983308219444445
704,704,23.13677,68.70381,1.2743027807222225
705,705,23.13677,68.78344,42.76455911222223
706,706,23.13677,68.86306,58.2873671838889
707,707,23.13677,68.94269,37.93787654333334
708,708,23.13677,69.02231,40.75274435666667
709,709,23.13677,69.10194,28.686135983333333
710,710,23.13677,69.18156,14.471856077666668
711,711,23.13677,69.26119,28.14155289805556
712,712,23.13677,69.34081,67.50239986583334
713,713,23.13677,69.42044,13.869425998111112
714,714,23.13677,69.50006,1.1130820827222223
715,715,23.13677,69.57969,17.381501688222226
716,716,23.13677,69.65931,14.798475133361112
717,717,23.13677,69.73894,11.896960550222223
718,718,23.13677,69.81856,5.224310212555555
719,719,23.13677,69.89819,19.883005776111112
720,720,23.13677,69.97781,60.28965791472223
721,721,23.13677,70.05744,17.67830578527778
722,722,23.13677,70.13706,5.610057175972223
723,723,23.13677,70.21669,0.0128427755
724,724,23.13677,70.45556,0.1198041552777777
725,725,23.13677,70.53519,1.2310932902222222
726,726,23.13677,70.61481,3.5563383499166674
727,727,23.13677,70.69444,84.63432937361112
728,728,23.13677,70.77406,122.54761249111112
729,729,23.13677,70.85369,71.37714460277778
730,730,23.13677,70.93331,155.8804472138889
731,731,23.13677,71.01294,163.16182329166668
732,732,23.13677,71.09256,235.480831125
733,733,23.13677,71.17219,278.7337655055556
734,734,23.13677,71.25181,199.6966709638889
735,735,23.13677,71.33144,257.4410396305556
736,736,23.13677,71.41106,112.05980872138888
737,737,23.13677,71.49069,163.81208652305554
738,738,23.13677,71.57031,106.795796185
739,739,23.13677,71.64994,33.999654875555564
740,740,23.13677,71.72956,25.47212979638889
741,741,23.13677,71.80919,164.37134828472225
742,742,23.13677,71.88882,278.02535415555553
743,743,23.13677,71.96844,236.0559052444445
744,744,23.13677,72.04807,233.5269563583333
745,745,23.13677,72.12769,186.89087463888893
746,746,23.13677,72.20732,124.79510432777778
747,747,23.13677,72.28694,167.45399051666666
748,748,23.13677,72.36657,162.38488301666666
749,749,23.13677,72.44619,132.1717701
750,750,23.13677,72.52582,60.70252280805556
751,751,23.13677,72.60544,54.00902260611112
752,752,23.13677,72.68507,97.4343744902778
753,753,23.13677,72.76469,147.5425995805556
754,754,23.13677,72.84432,188.1519126777778
755,755,23.13677,72.92394,171.0659692555556
756,756,23.13677,73.00357,101.21503279
757,757,23.13677,73.08319,155.72812843805556
758,758,23.13677,73.16282,137.07982040833335
759,759,23.13677,73.24244,149.55006558888888
760,760,23.13677,73.32207,142.75018181666667
761,761,23.13677,73.40169,64.79698456555556
762,762,23.13677,73.48132,69.4226751325
763,763,23.13677,73.56094,80.23701202388888
764,764,23.13677,73.64057,87.06449402916667
765,765,23.13677,73.72019,67.65978008083334
766,766,23.13677,73.79982,54.76306544416667
767,767,23.13677,73.87944,49.12760882861112
768,768,23.13677,73.95907,70.06998262416668
769,769,23.13677,74.03869,42.44267887694445
770,770,23.13677,74.11832,12.467008723083334
771,771,23.13677,74.19794,22.16352531444445
772,772,23.13677,74.27757,10.856004502583335
773,773,23.13677,74.35719,0.0056479676111111
774,774,23.05617,68.78344,3.3155300816111115
775,775,23.05617,68.86306,64.36648930222223
776,776,23.05617,68.94269,51.596619922777776
777,777,23.05617,69.02231,17.295065377138894
778,778,23.05617,69.10194,32.721209738000006
779,779,23.05617,69.18156,8.740018725944445
780,780,23.05617,69.26119,16.521452717861116
781,781,23.05617,69.34081,34.12554491833333
782,782,23.05617,69.42044,12.8483943015
783,783,23.05617,69.50006,3.3889524472500003
784,784,23.05617,69.57969,13.474290264000002
785,785,23.05617,69.65931,10.02743375588889
786,786,23.05617,69.73894,11.528540227555556
787,787,23.05617,69.81856,7.626835306027778
788,788,23.05617,69.89819,24.64427362555556
789,789,23.05617,69.97781,21.358405933277783
790,790,23.05617,70.05744,4.134875860638889
791,791,23.05617,70.53519,0.7510743463888889
792,792,23.05617,70.61481,187.7289945805556
793,793,23.05617,70.69444,690.5564329583334
794,794,23.05617,70.77406,476.9368794500001
795,795,23.05617,70.85369,345.84115216944446
796,796,23.05617,70.93331,597.702772338889
797,797,23.05617,71.01294,460.91075985277786
798,798,23.05617,71.09256,402.02311963333335
799,799,23.05617,71.17219,430.3243705083334
800,800,23.05617,71.25181,380.3666835333333
801,801,23.05617,71.33144,249.38989132222224
802,802,23.05617,71.41106,149.40935325777778
803,803,23.05617,71.49069,330.1151089027778
804,804,23.05617,71.57031,282.7463052555556
805,805,23.05617,71.64994,114.8020636113889
806,806,23.05617,71.72956,66.44107680944444
807,807,23.05617,71.80919,130.4676761630556
808,808,23.05617,71.88882,94.2145357088889
809,809,23.05617,71.96844,189.78102895
810,810,23.05617,72.04807,275.89851168333337
811,811,23.05617,72.12769,244.9954749194445
812,812,23.05617,72.20732,238.26747341944449
813,813,23.05617,72.28694,178.07563314722222
814,814,23.05617,72.36657,171.05937366111115
815,815,23.05617,72.44619,104.45325107694448
816,816,23.05617,72.52582,15.750261200555556
817,817,23.05617,72.60544,1.458690328777778
818,818,23.05617,72.68507,93.7786986013889
819,819,23.05617,72.76469,166.8685349361111
820,820,23.05617,72.84432,130.27615695222224
821,821,23.05617,72.92394,114.51726765611112
822,822,23.05617,73.00357,146.35609054722224
823,823,23.05617,73.08319,161.19931899638894
824,824,23.05617,73.16282,209.02893319722224
825,825,23.05617,73.24244,154.9452910916667
826,826,23.05617,73.32207,76.93131065583334
827,827,23.05617,73.40169,76.4536967813889
828,828,23.05617,73.48132,93.74584643222222
829,829,23.05617,73.56094,91.24101723194444
830,830,23.05617,73.64057,60.17362467416668
831,831,23.05617,73.72019,18.64461480166667
832,832,23.05617,73.79982,27.24748521111111
833,833,23.05617,73.87944,74.5612857513889
834,834,23.05617,73.95907,23.84955692138889
835,835,23.05617,74.03869,11.834069172361112
836,836,23.05617,74.11832,6.88760936263889
837,837,23.05617,74.19794,14.335464531333336
838,838,23.05617,74.27757,6.776830037333333
839,839,23.05617,74.35719,0.0197368536666666
840,840,22.97557,68.86306,2.088093751138889
841,841,22.97557,68.94269,39.32292212361112
842,842,22.97557,69.02231,14.332965148861112
843,843,22.97557,69.10194,18.09285916383333
844,844,22.97557,69.18156,58.03928115500001
845,845,22.97557,69.26119,35.886827627777784
846,846,22.97557,69.34081,58.74572006611111
847,847,22.97557,69.42044,23.10296265305556
848,848,22.97557,69.50006,18.361961231444447
849,849,22.97557,69.57969,6.05733051563889
850,850,22.97557,69.65931,2.241705440888889
851,851,22.97557,69.73894,13.473188188277778
852,852,22.97557,69.81856,1.4010726660833333
853,853,22.97557,69.89819,1.7166917422500003
854,854,22.97557,69.97781,47.1784957775
855,855,22.97557,70.05744,3.2981370722500003
856,856,22.97557,70.53519,11.248942138888893
857,857,22.97557,70.61481,426.8277316694445
858,858,22.97557,70.69444,782.8435126166668
859,859,22.97557,70.77406,572.5883204333335
860,860,22.97557,70.85369,496.9632347916667
861,861,22.97557,70.93331,543.5036383694446
862,862,22.97557,71.01294,625.4575102083332
863,863,22.97557,71.09256,430.9466934111112
864,864,22.97557,71.17219,412.8485802527778
865,865,22.97557,71.25181,222.67793526944448
866,866,22.97557,71.33144,373.2458377583334
867,867,22.97557,71.41106,213.88017971666667
868,868,22.97557,71.49069,187.9049299094445
869,869,22.97557,71.57031,282.82960084722225
870,870,22.97557,71.64994,166.0641123402778
871,871,22.97557,71.72956,250.3103883472222
872,872,22.97557,71.80919,114.23160955083335
873,873,22.97557,71.88882,45.42644633166668
874,874,22.97557,71.96844,165.60448391583336
875,875,22.97557,72.04807,236.6380089666667
876,876,22.97557,72.12769,278.8815345861112
877,877,22.97557,72.20732,262.05852889722223
878,878,22.97557,72.28694,186.98353491111115
879,879,22.97557,72.36657,230.9601024861111
880,880,22.97557,72.44619,133.2364188388889
881,881,22.97557,72.52582,44.84414492750001
882,882,22.97557,72.60544,39.85764800027778
883,883,22.97557,72.68507,159.57814574444447
884,884,22.97557,72.76469,213.73059168611115
885,885,22.97557,72.84432,178.0266728
886,886,22.97557,72.92394,176.28243635833334
887,887,22.97557,73.00357,140.6517609638889
888,888,22.97557,73.08319,159.1387708305556
889,889,22.97557,73.16282,208.81334686666668
890,890,22.97557,73.24244,193.90361065
891,891,22.97557,73.32207,115.20372201583334
892,892,22.97557,73.40169,114.74905902972225
893,893,22.97557,73.48132,97.48812930472222
894,894,22.97557,73.56094,89.13856378694445
895,895,22.97557,73.64057,85.28484672333333
896,896,22.97557,73.72019,89.93602539916668
897,897,22.97557,73.79982,74.33729945222223
898,898,22.97557,73.87944,67.19537915250001
899,899,22.97557,73.95907,8.212411562472223
900,900,22.97557,74.03869,0.5646522782500001
901,901,22.97557,74.11832,3.644988444222223
902,902,22.97557,74.19794,4.470897297083334
903,903,22.97557,74.27757,1.0149072630833331
904,904,22.89497,69.02231,0.0152442335
905,905,22.89497,69.10194,11.343184292722222
906,906,22.89497,69.18156,67.16355079527779
907,907,22.89497,69.26119,125.06248325555556
908,908,22.89497,69.34081,182.00177086944444
909,909,22.89497,69.42044,180.9888992277778
910,910,22.89497,69.50006,83.66927009361112
911,911,22.89497,69.57969,47.75349532333333
912,912,22.89497,69.65931,35.1713198013889
913,913,22.89497,69.73894,35.45727963111111
914,914,22.89497,69.81856,0.7011992679166668
915,915,22.89497,69.89819,0.1303417876388889
916,916,22.89497,69.97781,4.379822052305556
917,917,22.89497,70.05744,0.6640981880000001
918,918,22.89497,70.45556,9.690541687805554
919,919,22.89497,70.53519,139.98268041722224
920,920,22.89497,70.61481,549.7469940416667
921,921,22.89497,70.69444,772.2972200305556
922,922,22.89497,70.77406,703.7856885916667
923,923,22.89497,70.85369,494.83020529444445
924,924,22.89497,70.93331,440.4522154055556
925,925,22.89497,71.01294,166.12562730833338
926,926,22.89497,71.09256,197.22583835000003
927,927,22.89497,71.17219,194.35923471111116
928,928,22.89497,71.25181,193.69596820555563
929,929,22.89497,71.33144,508.04321668888895
930,930,22.89497,71.41106,387.5884937722223
931,931,22.89497,71.49069,260.34294445833336
932,932,22.89497,71.57031,339.1631779166667
933,933,22.89497,71.64994,127.5245829552778
934,934,22.89497,71.72956,317.3043378111111
935,935,22.89497,71.80919,159.17934651500002
936,936,22.89497,71.88882,153.36442904972225
937,937,22.89497,71.96844,84.3045994425
938,938,22.89497,72.04807,148.90643605833336
939,939,22.89497,72.12769,273.6945139527778
940,940,22.89497,72.20732,244.0646213805556
941,941,22.89497,72.28694,242.35221736666668
942,942,22.89497,72.36657,259.3554819083334
943,943,22.89497,72.44619,154.88517253333336
944,944,22.89497,72.52582,152.33383051944446
945,945,22.89497,72.60544,181.08657836666669
946,946,22.89497,72.68507,187.13901521111111
947,947,22.89497,72.76469,177.6395056166667
948,948,22.89497,72.84432,161.70231268611113
949,949,22.89497,72.92394,238.03631422222225
950,950,22.89497,73.00357,155.38805706666668
951,951,22.89497,73.08319,180.86928134166672
952,952,22.89497,73.16282,179.73095405833337
953,953,22.89497,73.24244,178.43779795277777
954,954,22.89497,73.32207,159.42089695555558
955,955,22.89497,73.40169,102.0365270025
956,956,22.89497,73.48132,80.14572449833334
957,957,22.89497,73.56094,58.08729510861111
958,958,22.89497,73.64057,78.2904231763889
959,959,22.89497,73.72019,71.19890329638889
960,960,22.89497,73.79982,79.20474687611113
961,961,22.89497,73.87944,34.94576946972223
962,962,22.89497,73.95907,22.702104994722223
963,963,22.89497,74.03869,10.823275643944443
964,964,22.89497,74.11832,4.669603308111111
965,965,22.89497,74.19794,1.5295738312500002
966,966,22.89497,74.27757,8.424704366416668
967,967,22.89497,74.35719,6.117508848583333
968,968,22.89497,74.43682,6.520582728833333
969,969,22.81437,69.10194,0.0328885546666666
970,970,22.81437,69.18156,5.681431604805556
971,971,22.81437,69.26119,18.92107568805556
972,972,22.81437,69.34081,26.97570387416667
973,973,22.81437,69.42044,71.8342280938889
974,974,22.81437,69.50006,32.414650281666674
975,975,22.81437,69.57969,16.10315534916667
976,976,22.81437,69.65931,21.851838986666667
977,977,22.81437,69.73894,7.069541182805556
978,978,22.81437,69.81856,0.0167978619722222
979,979,22.81437,70.37594,3.501823523166667
980,980,22.81437,70.45556,155.98255216444446
981,981,22.81437,70.53519,412.8720143616667
982,982,22.81437,70.61481,368.2058287583334
983,983,22.81437,70.69444,582.8428166833334
984,984,22.81437,70.77406,389.2577311222223
985,985,22.81437,70.85369,99.89876048111113
986,986,22.81437,70.93331,80.8165409311111
987,987,22.81437,71.01294,213.5525178055556
988,988,22.81437,71.09256,222.81821951111112
989,989,22.81437,71.17219,110.49596022944444
990,990,22.81437,71.25181,207.25445089722223
991,991,22.81437,71.33144,310.22078282222225
992,992,22.81437,71.41106,189.1646323725
993,993,22.81437,71.49069,169.2212238452778
994,994,22.81437,71.57031,172.36132452666666
995,995,22.81437,71.64994,197.9444211233333
996,996,22.81437,71.72956,266.6246183388889
997,997,22.81437,71.80919,121.1200131236111
998,998,22.81437,71.88882,320.9545059000001
999,999,22.81437,71.96844,212.60815663472223
1000,1000,22.81437,72.04807,42.28263463055556
1001,1001,22.81437,72.12769,242.79676013611112
1002,1002,22.81437,72.20732,298.4668049277778
1003,1003,22.81437,72.28694,263.30188794444445
1004,1004,22.81437,72.36657,200.38473382222224
1005,1005,22.81437,72.44619,205.628349725
1006,1006,22.81437,72.52582,153.08342636944448
1007,1007,22.81437,72.60544,151.3453867
1008,1008,22.81437,72.68507,145.4728249638889
1009,1009,22.81437,72.76469,166.74385409722225
1010,1010,22.81437,72.84432,213.45184282777785
1011,1011,22.81437,72.92394,207.8364028833333
1012,1012,22.81437,73.00357,164.56220733611116
1013,1013,22.81437,73.08319,204.11146331944445
1014,1014,22.81437,73.16282,184.6701100888889
1015,1015,22.81437,73.24244,181.76278094722224
1016,1016,22.81437,73.32207,176.32531569444447
1017,1017,22.81437,73.40169,78.31588776916668
1018,1018,22.81437,73.48132,97.56259323972225
1019,1019,22.81437,73.56094,50.491847357500006
1020,1020,22.81437,73.64057,104.31227303722224
1021,1021,22.81437,73.72019,73.64905103000001
1022,1022,22.81437,73.79982,71.75437026638889
1023,1023,22.81437,73.87944,34.20121775666667
1024,1024,22.81437,73.95907,30.282682102222225
1025,1025,22.81437,74.03869,20.35706268500001
1026,1026,22.81437,74.11832,9.90111274052778
1027,1027,22.81437,74.19794,5.908622000000001
1028,1028,22.81437,74.27757,13.396215889166667
1029,1029,22.81437,74.35719,14.355750507500002
1030,1030,22.81437,74.43682,7.719244771472224
1031,1031,22.73377,69.57969,0.0069665440277777
1032,1032,22.73377,69.65931,0.0702862168055555
1033,1033,22.73377,70.29631,24.87344886141667
1034,1034,22.73377,70.37594,44.967841626583336
1035,1035,22.73377,70.45556,265.9156657366667
1036,1036,22.73377,70.53519,374.5789005533334
1037,1037,22.73377,70.61481,295.06786176111115
1038,1038,22.73377,70.69444,373.1950102861112
1039,1039,22.73377,70.77406,464.7834684444445
1040,1040,22.73377,70.85369,278.2492311222222
1041,1041,22.73377,70.93331,75.42775768805558
1042,1042,22.73377,71.01294,174.14972157222226
1043,1043,22.73377,71.09256,110.34111320111111
1044,1044,22.73377,71.17219,106.11382866805556
1045,1045,22.73377,71.25181,134.57284366000002
1046,1046,22.73377,71.33144,151.00575150305556
1047,1047,22.73377,71.41106,156.74920821833334
1048,1048,22.73377,71.49069,139.27968153444448
1049,1049,22.73377,71.57031,224.8875912527778
1050,1050,22.73377,71.64994,158.2303646941667
1051,1051,22.73377,71.72956,338.0347535805556
1052,1052,22.73377,71.80919,149.23871378361113
1053,1053,22.73377,71.88882,282.1535731444445
1054,1054,22.73377,71.96844,186.12525684333332
1055,1055,22.73377,72.04807,19.822147952222224
1056,1056,22.73377,72.12769,111.4538932263889
1057,1057,22.73377,72.20732,152.64021218333335
1058,1058,22.73377,72.28694,123.2280627388889
1059,1059,22.73377,72.36657,222.59922875
1060,1060,22.73377,72.44619,205.77441109444447
1061,1061,22.73377,72.52582,147.1955926694445
1062,1062,22.73377,72.60544,152.93043200000002
1063,1063,22.73377,72.68507,173.2078990861111
1064,1064,22.73377,72.76469,175.23295444444446
1065,1065,22.73377,72.84432,154.804548275
1066,1066,22.73377,72.92394,176.00460602777778
1067,1067,22.73377,73.00357,188.6605860444444
1068,1068,22.73377,73.08319,187.27481036666669
1069,1069,22.73377,73.16282,158.29398896666666
1070,1070,22.73377,73.24244,180.55742942500004
1071,1071,22.73377,73.32207,346.84704504166666
1072,1072,22.73377,73.40169,160.3488184611111
1073,1073,22.73377,73.48132,128.45610471
1074,1074,22.73377,73.56094,79.89444934194445
1075,1075,22.73377,73.64057,50.49925867861111
1076,1076,22.73377,73.72019,55.12232134111112
1077,1077,22.73377,73.79982,86.56115934555555
1078,1078,22.73377,73.87944,26.63377555194445
1079,1079,22.73377,73.95907,15.900285667500002
1080,1080,22.73377,74.03869,17.31648452888889
1081,1081,22.73377,74.11832,15.51161842888889
1082,1082,22.73377,74.19794,18.88361941333334
1083,1083,22.73377,74.27757,10.405821073000002
1084,1084,22.73377,74.35719,5.934884971944445
1085,1085,22.73377,74.43682,1.3718436145833337
1086,1086,22.65317,70.21669,17.862354941305558
1087,1087,22.65317,70.29631,176.61144796694447
1088,1088,22.65317,70.37594,258.24998676222225
1089,1089,22.65317,70.45556,230.4169080575
1090,1090,22.65317,70.53519,458.2578905061112
1091,1091,22.65317,70.61481,310.17014819444444
1092,1092,22.65317,70.69444,425.16202291666673
1093,1093,22.65317,70.77406,472.6054611333334
1094,1094,22.65317,70.85369,459.9793599222223
1095,1095,22.65317,70.93331,173.161502625
1096,1096,22.65317,71.01294,212.73765435833332
1097,1097,22.65317,71.09256,175.65109529722224
1098,1098,22.65317,71.17219,220.60288662500005
1099,1099,22.65317,71.25181,181.1255258016667
1100,1100,22.65317,71.33144,320.1036355861111
1101,1101,22.65317,71.41106,179.65116371444444
1102,1102,22.65317,71.49069,142.46334268611113
1103,1103,22.65317,71.57031,297.3129225888889
1104,1104,22.65317,71.64994,255.45053460277785
1105,1105,22.65317,71.72956,71.5744350225
1106,1106,22.65317,71.80919,139.956110945
1107,1107,22.65317,71.88882,211.2962455791667
1108,1108,22.65317,71.96844,352.2389166055556
1109,1109,22.65317,72.04807,54.91604868722223
1110,1110,22.65317,72.12769,68.76732402611111
1111,1111,22.65317,72.20732,135.10466743611113
1112,1112,22.65317,72.28694,182.7718806861112
1113,1113,22.65317,72.36657,243.50653373611112
1114,1114,22.65317,72.44619,277.87027529166664
1115,1115,22.65317,72.52582,175.10187277777777
1116,1116,22.65317,72.60544,173.1252733888889
1117,1117,22.65317,72.68507,220.89168716944448
1118,1118,22.65317,72.76469,218.6136283916667
1119,1119,22.65317,72.84432,156.95501094444447
1120,1120,22.65317,72.92394,194.1020609666667
1121,1121,22.65317,73.00357,281.05008697777777
1122,1122,22.65317,73.08319,405.1545299861112
1123,1123,22.65317,73.16282,230.89676410833331
1124,1124,22.65317,73.24244,160.37399188333336
1125,1125,22.65317,73.32207,228.2919879444445
1126,1126,22.65317,73.40169,139.45826912222222
1127,1127,22.65317,73.48132,135.31214903388891
1128,1128,22.65317,73.56094,107.05322793916667
1129,1129,22.65317,73.64057,72.21789783916668
1130,1130,22.65317,73.72019,66.39714749750001
1131,1131,22.65317,73.79982,96.33936882055556
1132,1132,22.65317,73.87944,29.011768181944447
1133,1133,22.65317,73.95907,22.21612734277778
1134,1134,22.65317,74.03869,26.69988404444445
1135,1135,22.65317,74.11832,15.301467843888888
1136,1136,22.65317,74.19794,8.409701996611112
1137,1137,22.65317,74.27757,7.0418789255
1138,1138,22.65317,74.35719,1.7849935359444444
1139,1139,22.65317,74.43682,0.0203777265555555
1140,1140,22.57257,70.13706,17.61486028855556
1141,1141,22.57257,70.21669,176.08608171666668
1142,1142,22.57257,70.29631,386.78521389583335
1143,1143,22.57257,70.37594,338.04939819583336
1144,1144,22.57257,70.45556,174.5478205166667
1145,1145,22.57257,70.53519,284.3223931975
1146,1146,22.57257,70.61481,472.4727702555556
1147,1147,22.57257,70.69444,651.8281521194446
1148,1148,22.57257,70.77406,455.2340799777778
1149,1149,22.57257,70.85369,359.5341550833334
1150,1150,22.57257,70.93331,173.95314407222224
1151,1151,22.57257,71.01294,225.91100775833337
1152,1152,22.57257,71.09256,160.5050080527778
1153,1153,22.57257,71.17219,145.25018691694447
1154,1154,22.57257,71.25181,144.490193485
1155,1155,22.57257,71.33144,201.18884444944445
1156,1156,22.57257,71.41106,176.45440525250004
1157,1157,22.57257,71.49069,155.77212863361112
1158,1158,22.57257,71.57031,213.68464302222225
1159,1159,22.57257,71.64994,262.28232830277784
1160,1160,22.57257,71.72956,189.6325537330556
1161,1161,22.57257,71.80919,249.6695891361112
1162,1162,22.57257,71.88882,135.0820886802778
1163,1163,22.57257,71.96844,197.36807591
1164,1164,22.57257,72.04807,62.57412545000001
1165,1165,22.57257,72.12769,99.50169435777778
1166,1166,22.57257,72.20732,150.0589425722222
1167,1167,22.57257,72.28694,171.36606385833335
1168,1168,22.57257,72.36657,224.2481062166667
1169,1169,22.57257,72.44619,239.39191056111116
1170,1170,22.57257,72.52582,239.62241955277776
1171,1171,22.57257,72.60544,172.5303128527778
1172,1172,22.57257,72.68507,285.3046188416667
1173,1173,22.57257,72.76469,319.105550975
1174,1174,22.57257,72.84432,230.0118090388889
1175,1175,22.57257,72.92394,135.48171763055558
1176,1176,22.57257,73.00357,315.9338217805556
1177,1177,22.57257,73.08319,307.70948453055564
1178,1178,22.57257,73.16282,231.88352076388887
1179,1179,22.57257,73.24244,413.4315253305556
1180,1180,22.57257,73.32207,309.3370280777778
1181,1181,22.57257,73.40169,144.48985946555558
1182,1182,22.57257,73.48132,85.5681272111111
1183,1183,22.57257,73.56094,125.6019085977778
1184,1184,22.57257,73.64057,110.77706971555556
1185,1185,22.57257,73.72019,109.45216474583334
1186,1186,22.57257,73.79982,145.5152252861111
1187,1187,22.57257,73.87944,27.259232998611115
1188,1188,22.57257,73.95907,20.1788006075
1189,1189,22.57257,74.03869,21.896826001111112
1190,1190,22.57257,74.11832,4.739319496777778
1191,1191,22.57257,74.19794,2.981622457583334
1192,1192,22.57257,74.27757,0.2686241531388889
1193,1193,22.49197,69.89819,0.5656185690277777
1194,1194,22.49197,69.97781,8.207859092944446
1195,1195,22.49197,70.05744,23.89915939083334
1196,1196,22.49197,70.13706,196.8853786263889
1197,1197,22.49197,70.21669,301.0720620475
1198,1198,22.49197,70.29631,285.2066882600001
1199,1199,22.49197,70.37594,257.3770189375
1200,1200,22.49197,70.45556,220.82501433250005
1201,1201,22.49197,70.53519,265.36109523000005
1202,1202,22.49197,70.61481,399.1568374777778
1203,1203,22.49197,70.69444,446.6451877888889
1204,1204,22.49197,70.77406,426.2572297111111
1205,1205,22.49197,70.85369,304.0171377305556
1206,1206,22.49197,70.93331,198.9384392638889
1207,1207,22.49197,71.01294,57.03400918916667
1208,1208,22.49197,71.09256,42.63054974916667
1209,1209,22.49197,71.17219,94.06384563694446
1210,1210,22.49197,71.25181,184.29570260361112
1211,1211,22.49197,71.33144,160.5049572005556
1212,1212,22.49197,71.41106,259.40115992222223
1213,1213,22.49197,71.49069,192.6742509377778
1214,1214,22.49197,71.57031,356.7489471611112
1215,1215,22.49197,71.64994,358.4983482361112
1216,1216,22.49197,71.72956,333.82258141388894
1217,1217,22.49197,71.80919,291.2120068916667
1218,1218,22.49197,71.88882,52.47288041666666
1219,1219,22.49197,71.96844,74.02884653083335
1220,1220,22.49197,72.04807,15.794003248055557
1221,1221,22.49197,72.12769,28.5930949325
1222,1222,22.49197,72.20732,120.0974873527778
1223,1223,22.49197,72.28694,189.04062865833333
1224,1224,22.49197,72.36657,234.31392629444449
1225,1225,22.49197,72.44619,261.8177820916667
1226,1226,22.49197,72.52582,189.9671456916667
1227,1227,22.49197,72.60544,215.9975564777778
1228,1228,22.49197,72.68507,272.9362801416667
1229,1229,22.49197,72.76469,291.5440665361112
1230,1230,22.49197,72.84432,291.3210067638889
1231,1231,22.49197,72.92394,285.26040817777783
1232,1232,22.49197,73.00357,402.57322438333335
1233,1233,22.49197,73.08319,179.32021500555558
1234,1234,22.49197,73.16282,355.56022644722225
1235,1235,22.49197,73.24244,281.3996573555556
1236,1236,22.49197,73.32207,208.23605261111115
1237,1237,22.49197,73.40169,165.38625589444445
1238,1238,22.49197,73.48132,59.77812979000001
1239,1239,22.49197,73.56094,74.39183351777778
1240,1240,22.49197,73.64057,103.69619718805556
1241,1241,22.49197,73.72019,223.1402117388889
1242,1242,22.49197,73.79982,220.42022704722223
1243,1243,22.49197,73.87944,20.05783857138889
1244,1244,22.49197,73.95907,22.60442174916667
1245,1245,22.49197,74.03869,20.753422367222225
1246,1246,22.49197,74.11832,5.089686499805556
1247,1247,22.41137,69.02231,2.5080312184722224
1248,1248,22.41137,69.10194,3.102621941111112
1249,1249,22.41137,69.65931,0.1774185128333333
1250,1250,22.41137,69.73894,1.5504834956944449
1251,1251,22.41137,69.81856,0.7276172521388891
1252,1252,22.41137,69.89819,8.462713609861114
1253,1253,22.41137,69.97781,65.6223429328889
1254,1254,22.41137,70.05744,126.92899004083334
1255,1255,22.41137,70.13706,309.03632269777785
1256,1256,22.41137,70.21669,260.95320967000004
1257,1257,22.41137,70.29631,301.4800648211112
1258,1258,22.41137,70.37594,331.7324972133334
1259,1259,22.41137,70.45556,269.5228467572222
1260,1260,22.41137,70.53519,270.6521276869445
1261,1261,22.41137,70.61481,270.10395749166673
1262,1262,22.41137,70.69444,242.94043073444448
1263,1263,22.41137,70.77406,336.2444224833334
1264,1264,22.41137,70.85369,212.98215229611117
1265,1265,22.41137,70.93331,168.34073989805557
1266,1266,22.41137,71.01294,36.626510565
1267,1267,22.41137,71.09256,127.6615604725
1268,1268,22.41137,71.17219,303.3923123972222
1269,1269,22.41137,71.25181,142.64229977722223
1270,1270,22.41137,71.33144,217.87604119833333
1271,1271,22.41137,71.41106,343.96905180000005
1272,1272,22.41137,71.49069,308.69573975000003
1273,1273,22.41137,71.57031,339.39549297222226
1274,1274,22.41137,71.64994,397.63988367777785
1275,1275,22.41137,71.72956,307.31118056111114
1276,1276,22.41137,71.80919,122.452134675
1277,1277,22.41137,71.88882,45.69990338
1278,1278,22.41137,71.96844,43.70868545166667
1279,1279,22.41137,72.04807,2.976670218805556
1280,1280,22.41137,72.12769,103.54932233472223
1281,1281,22.41137,72.20732,111.99045670416668
1282,1282,22.41137,72.28694,87.22688823388889
1283,1283,22.41137,72.36657,47.99028507805556
1284,1284,22.41137,72.44619,184.82354142222223
1285,1285,22.41137,72.52582,217.62137012500003
1286,1286,22.41137,72.60544,267.79550680555553
1287,1287,22.41137,72.68507,375.91153121388896
1288,1288,22.41137,72.76469,429.3025665111112
1289,1289,22.41137,72.84432,354.71306440555566
1290,1290,22.41137,72.92394,392.47298684166674
1291,1291,22.41137,73.00357,396.6209784583334
1292,1292,22.41137,73.08319,141.9414255305556
1293,1293,22.41137,73.16282,175.36959373333335
1294,1294,22.41137,73.24244,26.710599949444447
1295,1295,22.41137,73.32207,76.41809337555556
1296,1296,22.41137,73.40169,102.1967177838889
1297,1297,22.41137,73.48132,55.17737473527778
1298,1298,22.41137,73.56094,17.81572768327778
1299,1299,22.41137,73.64057,10.485007723944449
1300,1300,22.41137,73.72019,129.4329823527778
1301,1301,22.41137,73.79982,480.6841277972223
1302,1302,22.41137,73.87944,276.5146035138889
1303,1303,22.41137,73.95907,136.523939765
1304,1304,22.41137,74.03869,37.214695929166666
1305,1305,22.41137,74.11832,42.008220407500005
1306,1306,22.41137,74.19794,2.5122160055
1307,1307,22.33077,69.02231,28.81914048494445
1308,1308,22.33077,69.10194,18.379579360833336
1309,1309,22.33077,69.18156,0.7073571540833334
1310,1310,22.33077,69.26119,0.0706819474444444
1311,1311,22.33077,69.34081,1.125151710138889
1312,1312,22.33077,69.42044,4.019681016694445
1313,1313,22.33077,69.50006,5.046404917777779
1314,1314,22.33077,69.57969,6.812557772305556
1315,1315,22.33077,69.65931,4.174041297694445
1316,1316,22.33077,69.73894,0.6012127515833334
1317,1317,22.33077,69.81856,5.077024631305556
1318,1318,22.33077,69.89819,36.375435960638896
1319,1319,22.33077,69.97781,127.35265482694446
1320,1320,22.33077,70.05744,329.9953594211112
1321,1321,22.33077,70.13706,403.5309618908333
1322,1322,22.33077,70.21669,434.35990801250006
1323,1323,22.33077,70.29631,249.84227382333336
1324,1324,22.33077,70.37594,339.10609827777785
1325,1325,22.33077,70.45556,292.4828031322223
1326,1326,22.33077,70.53519,343.9469447605556
1327,1327,22.33077,70.61481,294.7722563258334
1328,1328,22.33077,70.69444,209.6978860441667
1329,1329,22.33077,70.77406,102.3918129038889
1330,1330,22.33077,70.85369,139.21291769444446
1331,1331,22.33077,70.93331,320.3024300336112
1332,1332,22.33077,71.01294,123.94967847138892
1333,1333,22.33077,71.09256,52.04126850805556
1334,1334,22.33077,71.17219,260.2656722638889
1335,1335,22.33077,71.25181,230.5171271311111
1336,1336,22.33077,71.33144,133.75578170666668
1337,1337,22.33077,71.41106,165.43814191861114
1338,1338,22.33077,71.49069,214.7923274638889
1339,1339,22.33077,71.57031,243.96728726944448
1340,1340,22.33077,71.64994,283.0611148361112
1341,1341,22.33077,71.72956,433.9108030472223
1342,1342,22.33077,71.80919,340.8329993305556
1343,1343,22.33077,71.88882,257.83807374166673
1344,1344,22.33077,71.96844,119.2012871777778
1345,1345,22.33077,72.04807,19.9182011575
1346,1346,22.33077,72.12769,229.8690418694445
1347,1347,22.33077,72.20732,82.09018664972224
1348,1348,22.33077,72.28694,31.40631278388889
1349,1349,22.33077,72.36657,9.668242693555555
1350,1350,22.33077,72.44619,74.48852094222224
1351,1351,22.33077,72.52582,73.09276275111112
1352,1352,22.33077,72.60544,111.2224769438889
1353,1353,22.33077,72.68507,296.46324495833335
1354,1354,22.33077,72.76469,373.1853883583333
1355,1355,22.33077,72.84432,328.28215533888886
1356,1356,22.33077,72.92394,349.3721008333334
1357,1357,22.33077,73.00357,403.6254001111112
1358,1358,22.33077,73.08319,236.04475065000003
1359,1359,22.33077,73.16282,66.65070819638889
1360,1360,22.33077,73.24244,26.96397834333333
1361,1361,22.33077,73.32207,105.28169738416668
1362,1362,22.33077,73.40169,105.55356385305558
1363,1363,22.33077,73.48132,65.45763249000001
1364,1364,22.33077,73.56094,92.05950779416668
1365,1365,22.33077,73.64057,45.3020909625
1366,1366,22.33077,73.72019,140.70210711944446
1367,1367,22.33077,73.79982,393.0137312055556
1368,1368,22.33077,73.87944,271.1351157333333
1369,1369,22.33077,73.95907,199.12699550833327
1370,1370,22.33077,74.03869,22.72012405808334
1371,1371,22.33077,74.11832,9.534698803194445
1372,1372,22.33077,74.19794,2.072719858972222
1373,1373,22.25017,69.02231,6.986658055444443
1374,1374,22.25017,69.10194,3.4919780032500003
1375,1375,22.25017,69.18156,1.191354207027778
1376,1376,22.25017,69.26119,25.916234651444448
1377,1377,22.25017,69.34081,52.91768284055557
1378,1378,22.25017,69.42044,105.57960635694444
1379,1379,22.25017,69.50006,60.85723908916668
1380,1380,22.25017,69.57969,37.32764156694445
1381,1381,22.25017,69.65931,15.55793246927778
1382,1382,22.25017,69.73894,34.25038109805556
1383,1383,22.25017,69.81856,37.03844891722223
1384,1384,22.25017,69.89819,187.0225290675
1385,1385,22.25017,69.97781,202.68948776555555
1386,1386,22.25017,70.05744,146.4179796925
1387,1387,22.25017,70.13706,225.72227356333332
1388,1388,22.25017,70.21669,258.12460189666666
1389,1389,22.25017,70.29631,263.27988761
1390,1390,22.25017,70.37594,275.9058497722222
1391,1391,22.25017,70.45556,315.9419023744445
1392,1392,22.25017,70.53519,234.27414694472225
1393,1393,22.25017,70.61481,159.6819264563889
1394,1394,22.25017,70.69444,64.35503480675001
1395,1395,22.25017,70.77406,96.4523532452778
1396,1396,22.25017,70.85369,101.91313624722224
1397,1397,22.25017,70.93331,240.86984305805555
1398,1398,22.25017,71.01294,265.5240015519445
1399,1399,22.25017,71.09256,135.64540153638887
1400,1400,22.25017,71.17219,183.04817241
1401,1401,22.25017,71.25181,167.50035476388894
1402,1402,22.25017,71.33144,150.78462940833336
1403,1403,22.25017,71.41106,170.64512912472222
1404,1404,22.25017,71.49069,287.64842055
1405,1405,22.25017,71.57031,301.18410280000006
1406,1406,22.25017,71.64994,269.387937125
1407,1407,22.25017,71.72956,429.9492700416666
1408,1408,22.25017,71.80919,322.9789144527778
1409,1409,22.25017,71.88882,306.5215356555556
1410,1410,22.25017,71.96844,228.67141635833332
1411,1411,22.25017,72.04807,144.2947853780556
1412,1412,22.25017,72.12769,191.63802761388888
1413,1413,22.25017,72.20732,65.64939361166667
1414,1414,22.25017,72.28694,14.727817111944445
1415,1415,22.25017,72.36657,0.9154081146111112
1416,1416,22.25017,72.44619,1.2048296913055558
1417,1417,22.25017,72.52582,1.5172419681111111
1418,1418,22.25017,72.60544,56.61153369111112
1419,1419,22.25017,72.68507,58.3757747
1420,1420,22.25017,72.76469,163.5334209666667
1421,1421,22.25017,72.84432,166.9488459652778
1422,1422,22.25017,72.92394,193.93709394722225
1423,1423,22.25017,73.00357,268.65301682222224
1424,1424,22.25017,73.08319,366.7131924083334
1425,1425,22.25017,73.16282,205.14954163611117
1426,1426,22.25017,73.24244,151.34507880833337
1427,1427,22.25017,73.32207,259.7497918805556
1428,1428,22.25017,73.40169,246.0639864666667
1429,1429,22.25017,73.48132,205.6253280694445
1430,1430,22.25017,73.56094,273.9320865138889
1431,1431,22.25017,73.64057,320.79294203333336
1432,1432,22.25017,73.72019,306.0637224
1433,1433,22.25017,73.79982,352.24003603055564
1434,1434,22.25017,73.87944,322.3159934277778
1435,1435,22.25017,73.95907,164.7107221861111
1436,1436,22.25017,74.03869,60.21174886333334
1437,1437,22.25017,74.11832,21.42641385416667
1438,1438,22.16957,69.18156,9.819654073277778
1439,1439,22.16957,69.26119,59.56591330750001
1440,1440,22.16957,69.34081,147.28199493583335
1441,1441,22.16957,69.42044,203.03585305722223
1442,1442,22.16957,69.50006,143.6427332463889
1443,1443,22.16957,69.57969,159.9595504280556
1444,1444,22.16957,69.65931,85.15316517833334
1445,1445,22.16957,69.73894,48.04216193944445
1446,1446,22.16957,69.81856,35.28455564888889
1447,1447,22.16957,69.89819,75.40418059388891
1448,1448,22.16957,69.97781,86.2838602863889
1449,1449,22.16957,70.05744,85.17532143944446
1450,1450,22.16957,70.13706,86.06708548750001
1451,1451,22.16957,70.21669,68.37269150666667
1452,1452,22.16957,70.29631,129.45506185722223
1453,1453,22.16957,70.37594,272.86077754083334
1454,1454,22.16957,70.45556,306.2992317247223
1455,1455,22.16957,70.53519,253.0179615202778
1456,1456,22.16957,70.61481,206.1215027755556
1457,1457,22.16957,70.69444,199.45710319583335
1458,1458,22.16957,70.77406,156.70248799694446
1459,1459,22.16957,70.85369,109.59413580888892
1460,1460,22.16957,70.93331,207.05553191194448
1461,1461,22.16957,71.01294,390.6186343469444
1462,1462,22.16957,71.09256,243.1923879063889
1463,1463,22.16957,71.17219,203.7123955786112
1464,1464,22.16957,71.25181,154.65347247416668
1465,1465,22.16957,71.33144,101.3370288127778
1466,1466,22.16957,71.41106,201.3056512455556
1467,1467,22.16957,71.49069,288.60527928944447
1468,1468,22.16957,71.57031,195.6801806525
1469,1469,22.16957,71.64994,266.1534404805556
1470,1470,22.16957,71.72956,310.2245197333333
1471,1471,22.16957,71.80919,294.6392652833334
1472,1472,22.16957,71.88882,296.210885775
1473,1473,22.16957,71.96844,322.575166925
1474,1474,22.16957,72.04807,485.82485579444455
1475,1475,22.16957,72.12769,239.52977202777777
1476,1476,22.16957,72.20732,74.37024667583334
1477,1477,22.16957,72.52582,15.24658406938889
1478,1478,22.16957,72.60544,220.25771840555555
1479,1479,22.16957,72.68507,141.03280810833334
1480,1480,22.16957,72.76469,125.07553799277778
1481,1481,22.16957,72.84432,217.89277139444448
1482,1482,22.16957,72.92394,373.9477403388889
1483,1483,22.16957,73.00357,390.7560653638889
1484,1484,22.16957,73.08319,474.0233256027778
1485,1485,22.16957,73.16282,244.59072324166672
1486,1486,22.16957,73.24244,291.1453954805556
1487,1487,22.16957,73.32207,272.9541278444445
1488,1488,22.16957,73.40169,316.9657991305556
1489,1489,22.16957,73.48132,287.3851025888889
1490,1490,22.16957,73.56094,284.0539084388889
1491,1491,22.16957,73.64057,358.1630121694445
1492,1492,22.16957,73.72019,342.7089004555556
1493,1493,22.16957,73.79982,280.9265509694444
1494,1494,22.16957,73.87944,282.8959893027778
1495,1495,22.16957,73.95907,267.5826954111112
1496,1496,22.16957,74.03869,213.4749120027778
1497,1497,22.16957,74.11832,92.2375844325
1498,1498,22.16957,74.19794,0.8749075201111113
1499,1499,22.08897,69.18156,0.3692758676944445
1500,1500,22.08897,69.26119,63.64859854916668
1501,1501,22.08897,69.34081,194.7243660894445
1502,1502,22.08897,69.42044,82.91524781277778
1503,1503,22.08897,69.50006,117.98760975750002
1504,1504,22.08897,69.57969,169.35032207555557
1505,1505,22.08897,69.65931,125.75869582361112
1506,1506,22.08897,69.73894,63.05216259472223
1507,1507,22.08897,69.81856,50.62202834833334
1508,1508,22.08897,69.89819,44.333622773055566
1509,1509,22.08897,69.97781,29.976096047583336
1510,1510,22.08897,70.05744,61.23735155655556
1511,1511,22.08897,70.13706,154.2043338491667
1512,1512,22.08897,70.21669,294.8338498069445
1513,1513,22.08897,70.29631,151.66418012472224
1514,1514,22.08897,70.37594,299.6785144869445
1515,1515,22.08897,70.45556,382.95430521750006
1516,1516,22.08897,70.53519,327.1113914872223
1517,1517,22.08897,70.61481,262.44679342777783
1518,1518,22.08897,70.69444,275.8846604077778
1519,1519,22.08897,70.77406,263.2220959141667
1520,1520,22.08897,70.85369,266.0289110627778
1521,1521,22.08897,70.93331,240.2050202775
1522,1522,22.08897,71.01294,330.4828631216667
1523,1523,22.08897,71.09256,240.42439990583333
1524,1524,22.08897,71.17219,169.14829836777778
1525,1525,22.08897,71.25181,161.82868522833337
1526,1526,22.08897,71.33144,103.94203392888888
1527,1527,22.08897,71.41106,59.15020590611111
1528,1528,22.08897,71.49069,124.83232456611113
1529,1529,22.08897,71.57031,213.4033029413889
1530,1530,22.08897,71.64994,384.2250383111111
1531,1531,22.08897,71.72956,368.3738127722223
1532,1532,22.08897,71.80919,297.7403496555556
1533,1533,22.08897,71.88882,184.9515094683333
1534,1534,22.08897,71.96844,146.97880300694447
1535,1535,22.08897,72.04807,203.6199048388889
1536,1536,22.08897,72.12769,112.16260124027778
1537,1537,22.08897,72.20732,27.510197853611118
1538,1538,22.08897,72.52582,8.92978235163889
1539,1539,22.08897,72.60544,110.7076356713889
1540,1540,22.08897,72.68507,123.70596461555556
1541,1541,22.08897,72.76469,319.807262825
1542,1542,22.08897,72.84432,286.70681807222223
1543,1543,22.08897,72.92394,368.7930200361112
1544,1544,22.08897,73.00357,288.6675652472222
1545,1545,22.08897,73.08319,295.5905515805556
1546,1546,22.08897,73.16282,301.82244660000003
1547,1547,22.08897,73.24244,355.36293453611114
1548,1548,22.08897,73.32207,376.7130694944445
1549,1549,22.08897,73.40169,388.51991864166666
1550,1550,22.08897,73.48132,216.55682670277776
1551,1551,22.08897,73.56094,215.78983731666668
1552,1552,22.08897,73.64057,179.89161723611113
1553,1553,22.08897,73.72019,237.54773627500003
1554,1554,22.08897,73.79982,234.75775399444447
1555,1555,22.08897,73.87944,195.5710805305556
1556,1556,22.08897,73.95907,115.8070848127778
1557,1557,22.08897,74.03869,84.205407885
1558,1558,22.08897,74.11832,22.49645227875
1559,1559,22.08897,74.19794,9.754233332583334
1560,1560,22.00837,69.18156,0.3127317162222223
1561,1561,22.00837,69.26119,49.02842002333333
1562,1562,22.00837,69.34081,139.44670105972222
1563,1563,22.00837,69.42044,115.00032616
1564,1564,22.00837,69.50006,162.76674926
1565,1565,22.00837,69.57969,98.7359153802778
1566,1566,22.00837,69.65931,95.45017963555556
1567,1567,22.00837,69.73894,104.64881039555556
1568,1568,22.00837,69.81856,67.03151220055555
1569,1569,22.00837,69.89819,154.20799181194445
1570,1570,22.00837,69.97781,237.27931796888893
1571,1571,22.00837,70.05744,225.62106504222223
1572,1572,22.00837,70.13706,176.7705885
1573,1573,22.00837,70.21669,72.23305122833334
1574,1574,22.00837,70.29631,75.38212649305557
1575,1575,22.00837,70.37594,254.28870488555563
1576,1576,22.00837,70.45556,377.1388102544445
1577,1577,22.00837,70.53519,204.7036377588889
1578,1578,22.00837,70.61481,235.9227611725
1579,1579,22.00837,70.69444,242.47706782527783
1580,1580,22.00837,70.77406,230.20074928222223
1581,1581,22.00837,70.85369,438.71177250388894
1582,1582,22.00837,70.93331,303.7202839372222
1583,1583,22.00837,71.01294,334.5427528027778
1584,1584,22.00837,71.09256,405.1432084875
1585,1585,22.00837,71.17219,221.45497577694448
1586,1586,22.00837,71.25181,223.0908718244445
1587,1587,22.00837,71.33144,108.79728265305556
1588,1588,22.00837,71.41106,147.21236017472225
1589,1589,22.00837,71.49069,171.1948617213889
1590,1590,22.00837,71.57031,375.36349869166673
1591,1591,22.00837,71.64994,334.73685074444444
1592,1592,22.00837,71.72956,208.88399082222224
1593,1593,22.00837,71.80919,318.5485712777778
1594,1594,22.00837,71.88882,365.96304110000005
1595,1595,22.00837,71.96844,189.93060684166667
1596,1596,22.00837,72.04807,16.87188702222222
1597,1597,22.00837,72.12769,27.720792980833338
1598,1598,22.00837,72.20732,4.829745632111112
1599,1599,22.00837,72.60544,26.48534290080556
1600,1600,22.00837,72.68507,160.51926146361112
1601,1601,22.00837,72.76469,126.38707459083336
1602,1602,22.00837,72.84432,183.97740807777785
1603,1603,22.00837,72.92394,303.26223202777777
1604,1604,22.00837,73.00357,334.1094695027778
1605,1605,22.00837,73.08319,325.158521025
1606,1606,22.00837,73.16282,336.9548449972223
1607,1607,22.00837,73.24244,447.88243104166673
1608,1608,22.00837,73.32207,421.38047112777787
1609,1609,22.00837,73.40169,332.6449610361111
1610,1610,22.00837,73.48132,140.40213816944447
1611,1611,22.00837,73.56094,111.83174153416668
1612,1612,22.00837,73.64057,211.81529849444445
1613,1613,22.00837,73.72019,173.1743820944445
1614,1614,22.00837,73.79982,204.60774654722223
1615,1615,22.00837,73.87944,77.18094125944445
1616,1616,22.00837,73.95907,0.8780532680833333
1617,1617,22.00837,74.03869,0.0399505489444444
1618,1618,22.00837,74.11832,2.647080777277778
1619,1619,22.00837,74.19794,0.5274539534722222
1620,1620,21.92777,69.26119,5.251582013027779
1621,1621,21.92777,69.34081,78.4782533863889
1622,1622,21.92777,69.42044,116.81763372916669
1623,1623,21.92777,69.50006,205.8475642555556
1624,1624,21.92777,69.57969,137.89517422388892
1625,1625,21.92777,69.65931,97.6968616802778
1626,1626,21.92777,69.73894,110.54331081361111
1627,1627,21.92777,69.81856,169.48310449583337
1628,1628,21.92777,69.89819,265.0108487777778
1629,1629,21.92777,69.97781,460.5623045997223
1630,1630,21.92777,70.05744,328.96338165333333
1631,1631,21.92777,70.13706,280.00332069
1632,1632,21.92777,70.21669,146.1864899611111
1633,1633,21.92777,70.29631,129.67254070833334
1634,1634,21.92777,70.37594,300.07055060500005
1635,1635,21.92777,70.45556,384.7692508719445
1636,1636,21.92777,70.53519,241.6642207019445
1637,1637,21.92777,70.61481,265.5701174100001
1638,1638,21.92777,70.69444,387.8501210763889
1639,1639,21.92777,70.77406,232.22436384527785
1640,1640,21.92777,70.85369,394.2729470886112
1641,1641,21.92777,70.93331,335.8227505186111
1642,1642,21.92777,71.01294,275.6070249405556
1643,1643,21.92777,71.09256,300.83082242777783
1644,1644,21.92777,71.17219,461.65747663333343
1645,1645,21.92777,71.25181,272.80092130027776
1646,1646,21.92777,71.33144,219.1010621352778
1647,1647,21.92777,71.41106,152.21559205083335
1648,1648,21.92777,71.49069,221.8287323866667
1649,1649,21.92777,71.57031,298.524527863889
1650,1650,21.92777,71.64994,305.4505619444445
1651,1651,21.92777,71.72956,375.01047898333337
1652,1652,21.92777,71.80919,509.0379384305557
1653,1653,21.92777,71.88882,390.7240914055556
1654,1654,21.92777,71.96844,223.75167719444448
1655,1655,21.92777,72.04807,28.255283461388892
1656,1656,21.92777,72.12769,52.00406720861111
1657,1657,21.92777,72.20732,10.178895420805556
1658,1658,21.92777,72.60544,3.704421943972222
1659,1659,21.92777,72.68507,80.30698850555557
1660,1660,21.92777,72.76469,233.3116544166667
1661,1661,21.92777,72.84432,322.87574427500005
1662,1662,21.92777,72.92394,376.0772713666667
1663,1663,21.92777,73.00357,285.91025753611115
1664,1664,21.92777,73.08319,274.51303863333334
1665,1665,21.92777,73.16282,396.89916652777777
1666,1666,21.92777,73.24244,315.18667517500006
1667,1667,21.92777,73.32207,289.9520314388889
1668,1668,21.92777,73.40169,240.09944660277785
1669,1669,21.92777,73.48132,226.32628759722223
1670,1670,21.92777,73.56094,225.81458410833335
1671,1671,21.92777,73.64057,160.70885828527778
1672,1672,21.92777,73.72019,132.8814114663889
1673,1673,21.92777,73.79982,73.42669164722223
1674,1674,21.92777,73.87944,6.958860701722222
1675,1675,21.84717,69.26119,1.5474457333611114
1676,1676,21.84717,69.34081,23.123324925444443
1677,1677,21.84717,69.42044,52.31589221944444
1678,1678,21.84717,69.50006,135.27008566027777
1679,1679,21.84717,69.57969,167.8145060988889
1680,1680,21.84717,69.65931,93.00822703138888
1681,1681,21.84717,69.73894,16.484547058527777
1682,1682,21.84717,69.81856,109.17954232444444
1683,1683,21.84717,69.89819,231.16124004444444
1684,1684,21.84717,69.97781,107.04480430666668
1685,1685,21.84717,70.05744,118.13619039583334
1686,1686,21.84717,70.13706,216.1359307113889
1687,1687,21.84717,70.21669,360.12552643472225
1688,1688,21.84717,70.29631,240.39032322583336
1689,1689,21.84717,70.37594,217.35924287166668
1690,1690,21.84717,70.45556,293.59172969722226
1691,1691,21.84717,70.53519,214.49153736083335
1692,1692,21.84717,70.61481,278.0836941469445
1693,1693,21.84717,70.69444,353.3179217533334
1694,1694,21.84717,70.77406,261.6271584830556
1695,1695,21.84717,70.85369,292.78960207138897
1696,1696,21.84717,70.93331,394.3702127627778
1697,1697,21.84717,71.01294,362.6942706841667
1698,1698,21.84717,71.09256,265.19438870000005
1699,1699,21.84717,71.17219,539.1204850777779
1700,1700,21.84717,71.25181,399.71019320833335
1701,1701,21.84717,71.33144,281.4978800666667
1702,1702,21.84717,71.41106,173.7860749580556
1703,1703,21.84717,71.49069,265.12886660833334
1704,1704,21.84717,71.57031,225.418848435
1705,1705,21.84717,71.64994,234.82637788333335
1706,1706,21.84717,71.72956,308.08985774444443
1707,1707,21.84717,71.80919,465.6592432722223
1708,1708,21.84717,71.88882,287.60437943888894
1709,1709,21.84717,71.96844,129.83293213944447
1710,1710,21.84717,72.04807,47.58163128888889
1711,1711,21.84717,72.12769,101.29696761194444
1712,1712,21.84717,72.20732,18.820828146944447
1713,1713,21.84717,72.60544,51.40642590000001
1714,1714,21.84717,72.68507,267.3039300666667
1715,1715,21.84717,72.76469,309.73102652777783
1716,1716,21.84717,72.84432,331.19739235000003
1717,1717,21.84717,72.92394,329.95282702222227
1718,1718,21.84717,73.00357,309.2498270861111
1719,1719,21.84717,73.08319,349.44113075000007
1720,1720,21.84717,73.16282,250.62055162222225
1721,1721,21.84717,73.24244,248.16932252777775
1722,1722,21.84717,73.32207,235.9978264722222
1723,1723,21.84717,73.40169,137.72878605972224
1724,1724,21.84717,73.48132,90.50825288777776
1725,1725,21.84717,73.56094,199.1383897944445
1726,1726,21.84717,73.64057,48.22032436194444
1727,1727,21.84717,73.72019,19.591300301305555
1728,1728,21.84717,73.79982,3.643783913611111
1729,1729,21.84717,73.87944,0.0713065681111111
1730,1730,21.76657,69.34081,0.249361669
1731,1731,21.76657,69.42044,20.586464565000004
1732,1732,21.76657,69.50006,78.48838408555557
1733,1733,21.76657,69.57969,134.04393662777778
1734,1734,21.76657,69.65931,83.68622113861112
1735,1735,21.76657,69.73894,4.939669456750001
1736,1736,21.76657,69.81856,79.87788900277779
1737,1737,21.76657,69.89819,172.99397923694448
1738,1738,21.76657,69.97781,34.68327395194445
1739,1739,21.76657,70.05744,44.8500075861389
1740,1740,21.76657,70.13706,265.08568785194444
1741,1741,21.76657,70.21669,337.3436457433334
1742,1742,21.76657,70.29631,376.4568125347223
1743,1743,21.76657,70.37594,304.65090264194447
1744,1744,21.76657,70.45556,212.1488499719445
1745,1745,21.76657,70.53519,248.07386017527784
1746,1746,21.76657,70.61481,247.17494498916668
1747,1747,21.76657,70.69444,252.3289330986112
1748,1748,21.76657,70.77406,308.3557756277778
1749,1749,21.76657,70.85369,346.6787007722222
1750,1750,21.76657,70.93331,396.4893978944445
1751,1751,21.76657,71.01294,416.9205148472223
1752,1752,21.76657,71.09256,458.3778135583333
1753,1753,21.76657,71.17219,520.2153617499999
1754,1754,21.76657,71.25181,441.0094282277778
1755,1755,21.76657,71.33144,438.50769508333343
1756,1756,21.76657,71.41106,286.0642492583334
1757,1757,21.76657,71.49069,255.16682940833337
1758,1758,21.76657,71.57031,294.14900293888894
1759,1759,21.76657,71.64994,267.5117200055556
1760,1760,21.76657,71.72956,332.7995118166667
1761,1761,21.76657,71.80919,479.2677298666666
1762,1762,21.76657,71.88882,322.93865754722225
1763,1763,21.76657,71.96844,140.23224386666666
1764,1764,21.76657,72.04807,139.2959564927778
1765,1765,21.76657,72.12769,49.69275304944445
1766,1766,21.76657,72.20732,32.112507820833336
1767,1767,21.76657,72.28694,0.3825604015
1768,1768,21.76657,72.60544,125.15595204027778
1769,1769,21.76657,72.68507,240.80583233333337
1770,1770,21.76657,72.76469,241.2654516277778
1771,1771,21.76657,72.84432,318.45013768888896
1772,1772,21.76657,72.92394,302.6661618833334
1773,1773,21.76657,73.00357,272.33106655833336
1774,1774,21.76657,73.08319,238.04425641944445
1775,1775,21.76657,73.16282,188.96621365833332
1776,1776,21.76657,73.24244,216.1283756027778
1777,1777,21.76657,73.32207,99.22871441888891
1778,1778,21.76657,73.40169,12.516057094305555
1779,1779,21.76657,73.48132,39.09987711916666
1780,1780,21.76657,73.56094,3.962376356194445
1781,1781,21.76657,73.64057,0.5640156413055556
1782,1782,21.76657,73.72019,1.2110341655
1783,1783,21.76657,73.79982,6.440996296750001
1784,1784,21.76657,73.87944,0.2932482571944444
1785,1785,21.68597,69.42044,0.4307712956111111
1786,1786,21.68597,69.50006,24.486300442944447
1787,1787,21.68597,69.57969,113.6801678352778
1788,1788,21.68597,69.65931,81.01445018805556
1789,1789,21.68597,69.73894,58.59723896444445
1790,1790,21.68597,69.81856,81.00901976111112
1791,1791,21.68597,69.89819,61.70153050944445
1792,1792,21.68597,69.97781,49.40792200361111
1793,1793,21.68597,70.05744,65.45630671805557
1794,1794,21.68597,70.13706,159.34819495611112
1795,1795,21.68597,70.21669,303.4531344316668
1796,1796,21.68597,70.29631,355.4839045163889
1797,1797,21.68597,70.37594,363.0806938708334
1798,1798,21.68597,70.45556,303.81336498277784
1799,1799,21.68597,70.53519,288.39689655833337
1800,1800,21.68597,70.61481,333.1304349838889
1801,1801,21.68597,70.69444,317.6689541152778
1802,1802,21.68597,70.77406,232.4442566744445
1803,1803,21.68597,70.85369,409.71809428333336
1804,1804,21.68597,70.93331,530.9557299722222
1805,1805,21.68597,71.01294,580.1562195277778
1806,1806,21.68597,71.09256,516.1685328888889
1807,1807,21.68597,71.17219,487.8238296166667
1808,1808,21.68597,71.25181,467.49392954166666
1809,1809,21.68597,71.33144,452.4849718000001
1810,1810,21.68597,71.41106,467.39217544166667
1811,1811,21.68597,71.49069,440.3469534972223
1812,1812,21.68597,71.57031,301.36163624444447
1813,1813,21.68597,71.64994,272.27488369444444
1814,1814,21.68597,71.72956,162.73009131666666
1815,1815,21.68597,71.80919,183.18075985
1816,1816,21.68597,71.88882,78.82763258722224
1817,1817,21.68597,71.96844,48.16234440361112
1818,1818,21.68597,72.04807,121.90314062277778
1819,1819,21.68597,72.12769,242.9272160055556
1820,1820,21.68597,72.20732,251.85556539444443
1821,1821,21.68597,72.28694,104.52963977944444
1822,1822,21.68597,72.36657,0.6029872818055555
1823,1823,21.68597,72.60544,9.648548656583335
1824,1824,21.68597,72.68507,74.05202803333334
1825,1825,21.68597,72.76469,142.98356415555557
1826,1826,21.68597,72.84432,188.92187711666668
1827,1827,21.68597,72.92394,212.76072860000005
1828,1828,21.68597,73.00357,108.21658981583334
1829,1829,21.68597,73.08319,189.36406748333337
1830,1830,21.68597,73.16282,226.63589943611117
1831,1831,21.68597,73.24244,175.33365841666668
1832,1832,21.68597,73.32207,75.68740865833335
1833,1833,21.68597,73.40169,38.38024785694444
1834,1834,21.68597,73.48132,53.96537908000001
1835,1835,21.68597,73.56094,51.456642575
1836,1836,21.68597,73.64057,67.15498505527778
1837,1837,21.68597,73.72019,31.360577901666677
1838,1838,21.68597,73.79982,26.609427927222224
1839,1839,21.68597,73.87944,3.228725924916667
1840,1840,21.60537,69.57969,4.033664465055557
1841,1841,21.60537,69.65931,7.916767133
1842,1842,21.60537,69.73894,11.56043658127778
1843,1843,21.60537,69.81856,53.951270263888894
1844,1844,21.60537,69.89819,69.36403475805555
1845,1845,21.60537,69.97781,159.2446014430556
1846,1846,21.60537,70.05744,132.4854137713889
1847,1847,21.60537,70.13706,230.9542668611111
1848,1848,21.60537,70.21669,223.3539403305556
1849,1849,21.60537,70.29631,270.0286006847223
1850,1850,21.60537,70.37594,225.62003622833333
1851,1851,21.60537,70.45556,143.72241656722224
1852,1852,21.60537,70.53519,63.07258356805556
1853,1853,21.60537,70.61481,123.84002495194444
1854,1854,21.60537,70.69444,166.76779048111112
1855,1855,21.60537,70.77406,157.07027116555557
1856,1856,21.60537,70.85369,302.62379329444445
1857,1857,21.60537,70.93331,450.9321449972222
1858,1858,21.60537,71.01294,522.1949654055556
1859,1859,21.60537,71.09256,502.2232479583335
1860,1860,21.60537,71.17219,463.4926079611112
1861,1861,21.60537,71.25181,426.5459700777779
1862,1862,21.60537,71.33144,475.7593553472223
1863,1863,21.60537,71.41106,439.12501694166673
1864,1864,21.60537,71.49069,504.5941336222223
1865,1865,21.60537,71.57031,406.0533150555556
1866,1866,21.60537,71.64994,477.2049289138889
1867,1867,21.60537,71.72956,444.1585464388889
1868,1868,21.60537,71.80919,312.9429062833334
1869,1869,21.60537,71.88882,139.27757197805556
1870,1870,21.60537,71.96844,140.22319287000002
1871,1871,21.60537,72.04807,118.27807999861112
1872,1872,21.60537,72.12769,186.74701435000003
1873,1873,21.60537,72.20732,296.7429733138889
1874,1874,21.60537,72.28694,165.38069852222225
1875,1875,21.60537,72.36657,0.9115355073611112
1876,1876,21.60537,72.68507,0.2649059592222222
1877,1877,21.60537,72.76469,35.80345529972222
1878,1878,21.60537,72.84432,167.33867221388888
1879,1879,21.60537,72.92394,334.8103951277778
1880,1880,21.60537,73.00357,165.2771585416667
1881,1881,21.60537,73.08319,125.70111085
1882,1882,21.60537,73.16282,234.641246375
1883,1883,21.60537,73.24244,284.01613701944444
1884,1884,21.60537,73.32207,220.78745651111112
1885,1885,21.60537,73.40169,156.27631864888892
1886,1886,21.60537,73.48132,135.02391625944446
1887,1887,21.60537,73.56094,208.7058597138889
1888,1888,21.60537,73.64057,126.04806879972224
1889,1889,21.60537,73.72019,72.7884732363889
1890,1890,21.60537,73.79982,17.053700949722224
1891,1891,21.60537,73.87944,2.023574501388889
1892,1892,21.60537,73.95907,0.7197207162222223
1893,1893,21.60537,74.03869,11.351088405055558
1894,1894,21.60537,74.11832,14.871964481361111
1895,1895,21.60537,74.19794,7.82114230263889
1896,1896,21.60537,74.27757,4.235723995333334
1897,1897,21.60537,74.35719,0.7282384012777778
1898,1898,21.52477,69.65931,2.71196091525
1899,1899,21.52477,69.73894,25.42700518333334
1900,1900,21.52477,69.81856,46.802996160277786
1901,1901,21.52477,69.89819,136.72622490055556
1902,1902,21.52477,69.97781,158.6415443375
1903,1903,21.52477,70.05744,134.52834140944444
1904,1904,21.52477,70.13706,207.61036045277777
1905,1905,21.52477,70.21669,187.60702027277785
1906,1906,21.52477,70.29631,206.36943879777775
1907,1907,21.52477,70.37594,195.90931216333337
1908,1908,21.52477,70.45556,84.30001609
1909,1909,21.52477,70.53519,1.5629482780833333
1910,1910,21.52477,70.61481,81.21716064833335
1911,1911,21.52477,70.69444,192.65998839722224
1912,1912,21.52477,70.77406,133.69611443444447
1913,1913,21.52477,70.85369,268.7727292527778
1914,1914,21.52477,70.93331,471.7421658972223
1915,1915,21.52477,71.01294,404.9127587166667
1916,1916,21.52477,71.09256,361.1178752055556
1917,1917,21.52477,71.17219,464.45306398333344
1918,1918,21.52477,71.25181,414.3624717083334
1919,1919,21.52477,71.33144,386.8643802944445
1920,1920,21.52477,71.41106,373.98263042777785
1921,1921,21.52477,71.49069,397.9489691027779
1922,1922,21.52477,71.57031,370.4778230500001
1923,1923,21.52477,71.64994,367.40249634166673
1924,1924,21.52477,71.72956,320.63989935277783
1925,1925,21.52477,71.80919,180.46020826111112
1926,1926,21.52477,71.88882,172.7115923527778
1927,1927,21.52477,71.96844,117.49342304694444
1928,1928,21.52477,72.04807,115.90092764083336
1929,1929,21.52477,72.12769,125.92772675972223
1930,1930,21.52477,72.20732,137.1699447638889
1931,1931,21.52477,72.28694,38.174125671666665
1932,1932,21.52477,72.60544,1.02999915
1933,1933,21.52477,72.68507,62.94107935222222
1934,1934,21.52477,72.76469,239.7430682638889
1935,1935,21.52477,72.84432,334.4313846277778
1936,1936,21.52477,72.92394,379.9687270972223
1937,1937,21.52477,73.00357,160.9379579622222
1938,1938,21.52477,73.08319,165.23990418333332
1939,1939,21.52477,73.16282,159.6443068388889
1940,1940,21.52477,73.24244,220.4590214777778
1941,1941,21.52477,73.32207,242.27609975833337
1942,1942,21.52477,73.40169,85.19833066194445
1943,1943,21.52477,73.48132,174.08682101111114
1944,1944,21.52477,73.56094,164.45124583888892
1945,1945,21.52477,73.64057,247.07042186388887
1946,1946,21.52477,73.72019,234.40813912722223
1947,1947,21.52477,73.79982,191.63083522500003
1948,1948,21.52477,73.87944,60.957558413611125
1949,1949,21.52477,73.95907,36.257609102777785
1950,1950,21.52477,74.03869,66.69573545472223
1951,1951,21.52477,74.11832,89.95702351138891
1952,1952,21.52477,74.19794,66.32977157111111
1953,1953,21.52477,74.27757,56.68685510500001
1954,1954,21.52477,74.35719,8.08584169525
1955,1955,21.44416,69.65931,0.0014344639722222
1956,1956,21.44416,69.73894,6.63628818913889
1957,1957,21.44416,69.81856,51.53397655611112
1958,1958,21.44416,69.89819,114.38523536666668
1959,1959,21.44416,69.97781,76.13522079527779
1960,1960,21.44416,70.05744,125.66632927666669
1961,1961,21.44416,70.13706,147.1809510077778
1962,1962,21.44416,70.21669,132.1505694880556
1963,1963,21.44416,70.29631,123.62106451972224
1964,1964,21.44416,70.37594,200.32419775833333
1965,1965,21.44416,70.45556,174.29900658472224
1966,1966,21.44416,70.53519,111.49041249694444
1967,1967,21.44416,70.61481,176.18401803972222
1968,1968,21.44416,70.69444,166.9901903013889
1969,1969,21.44416,70.77406,163.72229958722227
1970,1970,21.44416,70.85369,222.14891668611116
1971,1971,21.44416,70.93331,298.0861080952778
1972,1972,21.44416,71.01294,425.21587710555553
1973,1973,21.44416,71.09256,582.855590013889
1974,1974,21.44416,71.17219,597.3065227805556
1975,1975,21.44416,71.25181,514.309352425
1976,1976,21.44416,71.33144,479.2964121583334
1977,1977,21.44416,71.41106,309.37646825555555
1978,1978,21.44416,71.49069,341.9970919527778
1979,1979,21.44416,71.57031,287.7708956416667
1980,1980,21.44416,71.64994,186.7054371111111
1981,1981,21.44416,71.72956,144.09685876944445
1982,1982,21.44416,71.80919,40.12860202805556
1983,1983,21.44416,71.88882,87.06233799194446
1984,1984,21.44416,71.96844,263.01216677222226
1985,1985,21.44416,72.04807,219.8358319638889
1986,1986,21.44416,72.12769,90.6966737227778
1987,1987,21.44416,72.20732,59.44595707861112
1988,1988,21.44416,72.28694,2.688495036527778
1989,1989,21.44416,72.60544,1.427472823166667
1990,1990,21.44416,72.68507,87.7781062602778
1991,1991,21.44416,72.76469,155.3431723013889
1992,1992,21.44416,72.84432,203.93519995000003
1993,1993,21.44416,72.92394,202.2852635055556
1994,1994,21.44416,73.00357,224.68968116305555
1995,1995,21.44416,73.08319,135.40603787166668
1996,1996,21.44416,73.16282,146.73536385583336
1997,1997,21.44416,73.24244,151.5805052791667
1998,1998,21.44416,73.32207,118.51426940055556
1999,1999,21.44416,73.40169,49.75167761916667
2000,2000,21.44416,73.48132,52.37569273944445
2001,2001,21.44416,73.56094,129.75615807361112
2002,2002,21.44416,73.64057,136.40467442055555
2003,2003,21.44416,73.72019,145.13561958222223
2004,2004,21.44416,73.79982,148.82870377222224
2005,2005,21.44416,73.87944,45.3429603563889
2006,2006,21.44416,73.95907,41.95561366638889
2007,2007,21.44416,74.03869,22.20574363
2008,2008,21.44416,74.11832,18.23430355555556
2009,2009,21.44416,74.19794,26.50308699030556
2010,2010,21.44416,74.27757,18.56627109286111
2011,2011,21.44416,74.35719,2.1481208733055555
2012,2012,21.36356,69.81856,27.841360620277783
2013,2013,21.36356,69.89819,107.53426476305556
2014,2014,21.36356,69.97781,94.45570574750002
2015,2015,21.36356,70.05744,228.91405954444448
2016,2016,21.36356,70.13706,255.92474917222228
2017,2017,21.36356,70.21669,215.43857830555555
2018,2018,21.36356,70.29631,229.17609680000004
2019,2019,21.36356,70.37594,186.46612974277775
2020,2020,21.36356,70.45556,204.11494700000003
2021,2021,21.36356,70.53519,128.53845576444445
2022,2022,21.36356,70.61481,130.89358520444443
2023,2023,21.36356,70.69444,167.54248343333336
2024,2024,21.36356,70.77406,178.90473534111112
2025,2025,21.36356,70.85369,93.01029321333334
2026,2026,21.36356,70.93331,292.796370808889
2027,2027,21.36356,71.01294,305.9983995305556
2028,2028,21.36356,71.09256,347.6729971444444
2029,2029,21.36356,71.17219,475.7931378777778
2030,2030,21.36356,71.25181,510.73011731388897
2031,2031,21.36356,71.33144,450.1448029416668
2032,2032,21.36356,71.41106,335.5941844666667
2033,2033,21.36356,71.49069,356.22742080000006
2034,2034,21.36356,71.57031,356.6344362944445
2035,2035,21.36356,71.64994,233.7631390888889
2036,2036,21.36356,71.72956,185.34824371944447
2037,2037,21.36356,71.80919,142.69488759694448
2038,2038,21.36356,71.88882,313.96687528611113
2039,2039,21.36356,71.96844,430.2515699555556
2040,2040,21.36356,72.04807,418.1136686555556
2041,2041,21.36356,72.12769,158.1307158916667
2042,2042,21.36356,72.20732,1.5450895559444449
2043,2043,21.36356,72.60544,2.530756516888889
2044,2044,21.36356,72.68507,126.96554996138892
2045,2045,21.36356,72.76469,282.24848770250003
2046,2046,21.36356,72.84432,301.85880766111114
2047,2047,21.36356,72.92394,262.70977275166666
2048,2048,21.36356,73.00357,209.32699629916672
2049,2049,21.36356,73.08319,180.45783879472225
2050,2050,21.36356,73.16282,219.06220925722224
2051,2051,21.36356,73.24244,152.12493441
2052,2052,21.36356,73.32207,145.14917177250004
2053,2053,21.36356,73.40169,19.664287264972224
2054,2054,21.36356,73.48132,1.8649014581111116
2055,2055,21.36356,73.56094,7.456798420583334
2056,2056,21.36356,73.64057,4.257631666138889
2057,2057,21.36356,73.72019,6.709154109388891
2058,2058,21.36356,73.79982,10.816164334083332
2059,2059,21.36356,73.87944,16.606643691222224
2060,2060,21.36356,73.95907,14.38512527875
2061,2061,21.36356,74.03869,1.0809908921666669
2062,2062,21.28296,69.81856,0.0225528637222222
2063,2063,21.28296,69.89819,19.034481989916667
2064,2064,21.28296,69.97781,62.617352545
2065,2065,21.28296,70.05744,170.07529491888891
2066,2066,21.28296,70.13706,178.51183784888892
2067,2067,21.28296,70.21669,167.62808015527776
2068,2068,21.28296,70.29631,221.7362990972223
2069,2069,21.28296,70.37594,177.43811458527782
2070,2070,21.28296,70.45556,95.38026195361113
2071,2071,21.28296,70.53519,34.6931083475
2072,2072,21.28296,70.61481,52.660446216388905
2073,2073,21.28296,70.69444,115.28063584194446
2074,2074,21.28296,70.77406,86.55926089916666
2075,2075,21.28296,70.85369,14.592894541
2076,2076,21.28296,70.93331,89.02918036583335
2077,2077,21.28296,71.01294,168.37069787083334
2078,2078,21.28296,71.09256,227.42845215527785
2079,2079,21.28296,71.17219,295.0380719555556
2080,2080,21.28296,71.25181,297.4588476694445
2081,2081,21.28296,71.33144,260.1364182380556
2082,2082,21.28296,71.41106,201.17833603611112
2083,2083,21.28296,71.49069,153.3907721841667
2084,2084,21.28296,71.57031,98.33769182916669
2085,2085,21.28296,71.64994,63.36112265916667
2086,2086,21.28296,71.72956,126.77924790222224
2087,2087,21.28296,71.80919,309.0454330555556
2088,2088,21.28296,71.88882,337.5493901555556
2089,2089,21.28296,71.96844,435.0827357027778
2090,2090,21.28296,72.04807,328.5205468111112
2091,2091,21.28296,72.12769,33.14257007166667
2092,2092,21.28296,72.60544,10.29058585027778
2093,2093,21.28296,72.68507,195.03308732583332
2094,2094,21.28296,72.76469,283.4432171716668
2095,2095,21.28296,72.84432,207.91912821111117
2096,2096,21.28296,72.92394,219.70123270388893
2097,2097,21.28296,73.00357,261.58019194111114
2098,2098,21.28296,73.08319,194.6275234316667
2099,2099,21.28296,73.16282,177.6518351441667
2100,2100,21.28296,73.24244,202.46215143444445
2101,2101,21.28296,73.32207,193.15387503861112
2102,2102,21.28296,73.40169,88.53588570722223
2103,2103,21.28296,73.48132,42.39983452722223
2104,2104,21.28296,73.56094,16.495446284944446
2105,2105,21.28296,73.64057,0.3773652898055555
2106,2106,21.28296,73.72019,0.024415506
2107,2107,21.28296,73.79982,13.90633412102778
2108,2108,21.28296,73.87944,6.085568249222224
2109,2109,21.28296,73.95907,2.357047008166667
2110,2110,21.20236,69.89819,0.09794526675
2111,2111,21.20236,69.97781,17.896421005944443
2112,2112,21.20236,70.05744,186.7509992252778
2113,2113,21.20236,70.13706,187.67677180388893
2114,2114,21.20236,70.21669,149.92482165694446
2115,2115,21.20236,70.29631,122.2942076775
2116,2116,21.20236,70.37594,87.35553232666669
2117,2117,21.20236,70.45556,53.92460929055556
2118,2118,21.20236,70.53519,6.196362243777779
2119,2119,21.20236,70.61481,1.4225683014444448
2120,2120,21.20236,70.69444,6.70482826263889
2121,2121,21.20236,70.77406,8.83865695452778
2122,2122,21.20236,70.85369,0.3018695326944445
2123,2123,21.20236,70.93331,14.52125728177778
2124,2124,21.20236,71.01294,54.90741294833335
2125,2125,21.20236,71.09256,97.26884948083334
2126,2126,21.20236,71.17219,41.12548801638889
2127,2127,21.20236,71.25181,87.17341200888889
2128,2128,21.20236,71.33144,243.55325190833332
2129,2129,21.20236,71.41106,222.61283747194443
2130,2130,21.20236,71.49069,220.17074752833335
2131,2131,21.20236,71.57031,188.9619831530556
2132,2132,21.20236,71.64994,237.3137719888889
2133,2133,21.20236,71.72956,260.1304435555556
2134,2134,21.20236,71.80919,299.1941015583334
2135,2135,21.20236,71.88882,345.65680525277776
2136,2136,21.20236,71.96844,375.62694468055565
2137,2137,21.20236,72.04807,257.4265183111111
2138,2138,21.20236,72.12769,14.674307558333334
2139,2139,21.20236,72.60544,13.03455340525
2140,2140,21.20236,72.68507,80.01946841750001
2141,2141,21.20236,72.76469,95.47790924861113
2142,2142,21.20236,72.84432,38.44917485386111
2143,2143,21.20236,72.92394,269.0618767069445
2144,2144,21.20236,73.00357,277.8636381277778
2145,2145,21.20236,73.08319,256.3350980508334
2146,2146,21.20236,73.16282,180.1719904994445
2147,2147,21.20236,73.24244,218.83303386944448
2148,2148,21.20236,73.32207,203.59415373861117
2149,2149,21.20236,73.40169,148.21932325611112
2150,2150,21.20236,73.48132,100.15368788833334
2151,2151,21.20236,73.56094,63.59217230305556
2152,2152,21.20236,73.64057,21.05472117083333
2153,2153,21.20236,73.72019,30.185685820000003
2154,2154,21.20236,73.79982,27.986972466388888
2155,2155,21.20236,73.87944,0.8576068306666667
2156,2156,21.12176,69.97781,0.3421051366388889
2157,2157,21.12176,70.05744,41.53233718694445
2158,2158,21.12176,70.13706,122.40631612555556
2159,2159,21.12176,70.21669,173.32745763555556
2160,2160,21.12176,70.29631,104.07482252861114
2161,2161,21.12176,70.37594,76.56020312361112
2162,2162,21.12176,70.45556,50.02882798750001
2163,2163,21.12176,70.53519,51.98431227083334
2164,2164,21.12176,70.61481,34.798028362500006
2165,2165,21.12176,70.69444,12.35997078027778
2166,2166,21.12176,71.01294,9.632883078222225
2167,2167,21.12176,71.09256,29.36551239786112
2168,2168,21.12176,71.17219,26.185859362500004
2169,2169,21.12176,71.25181,160.47755135583336
2170,2170,21.12176,71.33144,242.00307230861117
2171,2171,21.12176,71.41106,321.6428260694445
2172,2172,21.12176,71.49069,270.5518862225
2173,2173,21.12176,71.57031,356.04669315833337
2174,2174,21.12176,71.64994,439.0387242555556
2175,2175,21.12176,71.72956,340.0461874944445
2176,2176,21.12176,71.80919,233.42938445833337
2177,2177,21.12176,71.88882,225.77146743611115
2178,2178,21.12176,71.96844,112.8094035113889
2179,2179,21.12176,72.04807,5.524492965583334
2180,2180,21.12176,72.12769,0.2817299753055555
2181,2181,21.12176,72.60544,2.5209518296944444
2182,2182,21.12176,72.68507,6.856293340750001
2183,2183,21.12176,72.76469,34.91381046555556
2184,2184,21.12176,72.84432,76.97941409055557
2185,2185,21.12176,72.92394,279.6960112102778
2186,2186,21.12176,73.00357,217.9934139102778
2187,2187,21.12176,73.08319,175.3893668025
2188,2188,21.12176,73.16282,158.75055176527783
2189,2189,21.12176,73.24244,166.77525436027778
2190,2190,21.12176,73.32207,201.85740409972223
2191,2191,21.12176,73.40169,136.98632537027777
2192,2192,21.12176,73.48132,155.55153337166666
2193,2193,21.12176,73.56094,103.22065385111112
2194,2194,21.12176,73.64057,50.75084628027778
2195,2195,21.12176,73.72019,14.502798848444447
2196,2196,21.12176,73.79982,5.134239905444445
2197,2197,21.12176,73.87944,0.0697637671666666
2198,2198,21.04116,70.13706,14.682532708361114
2199,2199,21.04116,70.21669,159.9010635075
2200,2200,21.04116,70.29631,176.51229265000003
2201,2201,21.04116,70.37594,127.03584457555556
2202,2202,21.04116,70.45556,107.63123416111112
2203,2203,21.04116,70.53519,188.5330039138889
2204,2204,21.04116,70.61481,157.20030063527778
2205,2205,21.04116,70.69444,61.502434306666665
2206,2206,21.04116,70.77406,0.9976775248333336
2207,2207,21.04116,70.85369,0.8096115291388889
2208,2208,21.04116,70.93331,0.0803779077777777
2209,2209,21.04116,71.01294,0.4397085991388889
2210,2210,21.04116,71.09256,9.41107532763889
2211,2211,21.04116,71.17219,52.0734093513889
2212,2212,21.04116,71.25181,171.98250241305558
2213,2213,21.04116,71.33144,379.2773937611112
2214,2214,21.04116,71.41106,424.3278664444445
2215,2215,21.04116,71.49069,316.94590802500005
2216,2216,21.04116,71.57031,341.5819214666667
2217,2217,21.04116,71.64994,296.9421530916667
2218,2218,21.04116,71.72956,174.55199433055557
2219,2219,21.04116,71.80919,14.488298497527778
2220,2220,21.04116,71.88882,2.0981582502500005
2221,2221,21.04116,72.68507,3.106556521444445
2222,2222,21.04116,72.76469,14.181998239777778
2223,2223,21.04116,72.84432,65.25579155972223
2224,2224,21.04116,72.92394,115.1720214213889
2225,2225,21.04116,73.00357,155.5882802316667
2226,2226,21.04116,73.08319,170.62475967083333
2227,2227,21.04116,73.16282,165.58178466833334
2228,2228,21.04116,73.24244,138.514543085
2229,2229,21.04116,73.32207,158.02646490333336
2230,2230,21.04116,73.40169,137.88954746083334
2231,2231,21.04116,73.48132,106.01581245833334
2232,2232,21.04116,73.56094,48.04868830555556
2233,2233,21.04116,73.64057,36.831539420000006
2234,2234,21.04116,73.72019,0.4667003816666667
2235,2235,21.04116,73.79982,1.5577530064722225
2236,2236,20.96056,70.13706,0.0138619565555555
2237,2237,20.96056,70.21669,14.851269748638892
2238,2238,20.96056,70.29631,113.4054656475
2239,2239,20.96056,70.37594,162.69974729166665
2240,2240,20.96056,70.45556,179.30712700555557
2241,2241,20.96056,70.53519,168.00622897500003
2242,2242,20.96056,70.61481,195.65765040833332
2243,2243,20.96056,70.69444,173.4463852833333
2244,2244,20.96056,70.77406,58.50159083638889
2245,2245,20.96056,70.85369,40.85099326222223
2246,2246,20.96056,70.93331,35.57726886500001
2247,2247,20.96056,71.01294,71.62765185055557
2248,2248,20.96056,71.09256,129.12467955944444
2249,2249,20.96056,71.17219,134.27220045416666
2250,2250,20.96056,71.25181,315.6629375805556
2251,2251,20.96056,71.33144,350.20190132500005
2252,2252,20.96056,71.41106,257.49463696444445
2253,2253,20.96056,71.49069,97.02300220555558
2254,2254,20.96056,71.57031,11.40734206275
2255,2255,20.96056,71.64994,8.96813144888889
2256,2256,20.96056,71.72956,2.8061078157777777
2257,2257,20.96056,71.80919,0.4663200291666667
2258,2258,20.96056,72.68507,2.222741779027778
2259,2259,20.96056,72.76469,8.805934429833334
2260,2260,20.96056,72.84432,47.859858459166674
2261,2261,20.96056,72.92394,78.16932222555558
2262,2262,20.96056,73.00357,135.9945818602778
2263,2263,20.96056,73.08319,177.46781837416668
2264,2264,20.96056,73.16282,258.32243450583337
2265,2265,20.96056,73.24244,222.7049969527778
2266,2266,20.96056,73.32207,157.63124189638893
2267,2267,20.96056,73.40169,90.5532717152778
2268,2268,20.96056,73.48132,9.910935136833336
2269,2269,20.96056,73.56094,1.4718376364444443
2270,2270,20.96056,73.64057,1.9449442625000004
2271,2271,20.96056,73.72019,0.4193853544722222
2272,2272,20.96056,73.79982,0.5137211462222223
2273,2273,20.96056,73.87944,0.3023456839444445
2274,2274,20.87996,70.29631,4.697458863222222
2275,2275,20.87996,70.37594,23.721343676944443
2276,2276,20.87996,70.45556,130.33773022222223
2277,2277,20.87996,70.53519,152.62554168583333
2278,2278,20.87996,70.61481,178.05841064444445
2279,2279,20.87996,70.69444,172.81315147138895
2280,2280,20.87996,70.77406,142.99767304250005
2281,2281,20.87996,70.85369,121.53009923888892
2282,2282,20.87996,70.93331,113.18461121555556
2283,2283,20.87996,71.01294,156.85685390555557
2284,2284,20.87996,71.09256,183.52367274722224
2285,2285,20.87996,71.17219,213.4260838555556
2286,2286,20.87996,71.25181,370.6489295916667
2287,2287,20.87996,71.33144,169.24332599750002
2288,2288,20.87996,71.41106,45.564644284444455
2289,2289,20.87996,71.49069,7.040260937805557
2290,2290,20.87996,72.76469,0.0639493558333333
2291,2291,20.87996,72.84432,36.36093150361111
2292,2292,20.87996,72.92394,48.68112441944445
2293,2293,20.87996,73.00357,61.71833218611112
2294,2294,20.87996,73.08319,108.1793804175
2295,2295,20.87996,73.16282,133.10993828444447
2296,2296,20.87996,73.24244,141.78543980555557
2297,2297,20.87996,73.32207,129.86444959944447
2298,2298,20.87996,73.40169,43.66823848166667
2299,2299,20.87996,73.48132,1.389713651527778
2300,2300,20.87996,73.56094,0.3294782457222223
2301,2301,20.87996,73.79982,0.3368328008055556
2302,2302,20.87996,73.87944,2.6654958857500004
2303,2303,20.79936,70.37594,0.020345045
2304,2304,20.79936,70.45556,10.716447644972224
2305,2305,20.79936,70.53519,38.88186200388889
2306,2306,20.79936,70.61481,103.68186069305555
2307,2307,20.79936,70.69444,159.55359775833335
2308,2308,20.79936,70.77406,159.24261496666668
2309,2309,20.79936,70.85369,86.71210903055557
2310,2310,20.79936,70.93331,142.59676807416668
2311,2311,20.79936,71.01294,60.221834608055566
2312,2312,20.79936,71.09256,66.52863608416668
2313,2313,20.79936,71.17219,38.39451699833334
2314,2314,20.79936,71.25181,69.41869751777779
2315,2315,20.79936,71.33144,23.64970311827778
2316,2316,20.79936,71.41106,0.6165377860000001
2317,2317,20.79936,72.84432,1.539380883083333
2318,2318,20.79936,72.92394,9.31171495977778
2319,2319,20.79936,73.00357,67.24105495722223
2320,2320,20.79936,73.08319,91.7161183902778
2321,2321,20.79936,73.16282,115.0114066927778
2322,2322,20.79936,73.24244,114.34752421305556
2323,2323,20.79936,73.32207,88.84605069305556
2324,2324,20.79936,73.40169,40.16259871694445
2325,2325,20.79936,73.48132,1.7546020615000002
2326,2326,20.79936,73.56094,0.1707071836944444
2327,2327,20.79936,73.72019,2.1318340798611115
2328,2328,20.79936,73.79982,1.8509188559722225
2329,2329,20.79936,73.87944,0.5034684397777778
2330,2330,20.71876,70.53519,0.0200483196944444
2331,2331,20.71876,70.61481,1.5580016076111114
2332,2332,20.71876,70.69444,31.633693749444447
2333,2333,20.71876,70.77406,35.031650435833335
2334,2334,20.71876,70.85369,10.862852584944443
2335,2335,20.71876,70.93331,25.792738280833333
2336,2336,20.71876,71.01294,7.534033286166668
2337,2337,20.71876,71.09256,1.4294275341111111
2338,2338,20.71876,71.17219,0.3165957695277778
2339,2339,20.71876,72.84432,0.4736645985833334
2340,2340,20.71876,72.92394,68.64010937861113
2341,2341,20.71876,73.00357,107.63723437861113
2342,2342,20.71876,73.08319,120.0256729113889
2343,2343,20.71876,73.16282,140.76825290305558
2344,2344,20.71876,73.24244,113.49535031944446
2345,2345,20.71876,73.32207,35.708580229999995
2346,2346,20.71876,73.40169,36.29386027638889
2347,2347,20.71876,73.48132,2.162885386027778
2348,2348,20.71876,73.56094,0.7166925064722223
2349,2349,20.71876,73.64057,0.5322033071666668
2350,2350,20.71876,73.72019,0.6971006046388889
2351,2351,20.71876,73.79982,0.369812602
2352,2352,20.63816,72.84432,0.9714369408888892
2353,2353,20.63816,72.92394,73.0930860338889
2354,2354,20.63816,73.00357,140.1387032441667
2355,2355,20.63816,73.08319,112.63611497222222
2356,2356,20.63816,73.16282,140.1491262563889
2357,2357,20.63816,73.24244,66.00169541833336
2358,2358,20.63816,73.32207,5.291584889083334
2359,2359,20.63816,73.40169,3.5903136566944447
2360,2360,20.63816,73.48132,0.0433977654722222
2361,2361,20.63816,73.56094,0.0329710343888888
2362,2362,20.63816,73.64057,0.0244837125277777
2363,2363,20.55756,72.84432,6.166835626055556
2364,2364,20.55756,72.92394,60.33448452361113
2365,2365,20.55756,73.00357,110.6784782425
2366,2366,20.55756,73.08319,144.78860091111113
2367,2367,20.55756,73.16282,123.32646220583334
2368,2368,20.55756,73.24244,51.80923461833334
2369,2369,20.55756,73.32207,2.4016594159444447
2370,2370,20.55756,73.40169,1.5733005008611114
2371,2371,20.55756,73.48132,1.439450856527778
2372,2372,20.47696,72.84432,7.917014267583334
2373,2373,20.47696,72.92394,77.59657987083334
2374,2374,20.47696,73.00357,142.12762069833332
2375,2375,20.47696,73.08319,144.62993536250002
2376,2376,20.47696,73.16282,100.86027399555556
2377,2377,20.47696,73.24244,19.928339164444445
2378,2378,20.47696,73.32207,0.0842948315555555
2379,2379,20.47696,73.40169,2.103336605638889
2380,2380,20.47696,73.48132,2.456189278250001
2381,2381,20.39636,72.76469,3.4829670325000004
2382,2382,20.39636,72.84432,6.933850857777779
2383,2383,20.39636,72.92394,48.571898036388895
2384,2384,20.39636,73.00357,132.12891856
2385,2385,20.39636,73.08319,110.69486153055556
2386,2386,20.39636,73.16282,57.72333897555556
2387,2387,20.39636,73.24244,0.7391879962777778
2388,2388,20.39636,73.32207,0.5627442299722223
2389,2389,20.31576,72.68507,0.2466606175277778
2390,2390,20.31576,72.76469,41.44768693694444
2391,2391,20.31576,72.84432,41.33481597833334
2392,2392,20.31576,72.92394,13.8648855945
2393,2393,20.31576,73.00357,55.91357602027779
2394,2394,20.31576,73.08319,26.46747959972222
2395,2395,20.31576,73.16282,4.748435782194444
2396,2396,20.31576,73.24244,22.94933814444445
2397,2397,20.31576,73.32207,36.19599977944445
2398,2398,20.31576,73.40169,4.524083753388888
2399,2399,20.31576,73.48132,0.0600623353888889
2400,2400,20.23516,72.68507,0.9328692953888889
2401,2401,20.23516,72.76469,43.23358143805556
2402,2402,20.23516,72.84432,44.88735919583334
2403,2403,20.23516,72.92394,21.681643961944445
2404,2404,20.23516,73.00357,2.940210984694445
2405,2405,20.23516,73.08319,5.696847982
2406,2406,20.23516,73.16282,0.9751235518333334
2407,2407,20.23516,73.24244,8.18760304975
2408,2408,20.23516,73.32207,9.421382056944443
2409,2409,20.23516,73.40169,3.7589427827500006
2410,2410,20.23516,73.48132,0.0552686275277777
2411,2411,20.15456,72.68507,0.0589332821666666
2412,2412,20.15456,72.76469,12.8374951155
2413,2413,20.15456,72.84432,5.075552132472224
2414,2414,20.15456,72.92394,0.1237580180833333
2415,2415,20.15456,73.00357,0.0398889473611111
2416,2416,20.15456,73.08319,1.3537405464444443
2417,2417,20.15456,73.16282,0.2372075171666667
