year,data_type,source_index,destination_index,value
2018,biomass_forecast,2417,,0.2372075171666667
2018,biomass_forecast,2416,,1.3537405464444445
2018,biomass_forecast,2415,,0.039888947361111114
2018,biomass_forecast,2414,,0.12375801808333335
2018,biomass_forecast,2413,,5.0755521324722235
2018,biomass_forecast,2412,,12.837495115500001
2018,biomass_forecast,2411,,0.05893328216666668
2018,biomass_forecast,2410,,0.05526862752777779
2018,biomass_forecast,2409,,3.7589427827500006
2018,biomass_forecast,2408,,9.421382056944443
2018,biomass_forecast,2407,,8.18760304975
2018,biomass_forecast,2406,,0.9751235518333334
2018,biomass_forecast,2405,,5.696847982
2018,biomass_forecast,2404,,2.940210984694445
2018,biomass_forecast,2403,,21.681643961944445
2018,biomass_forecast,2402,,44.88735919583334
2018,biomass_forecast,2401,,43.23358143805556
2018,biomass_forecast,2400,,0.9328692953888889
2018,biomass_forecast,2399,,0.06006233538888891
2018,biomass_forecast,2398,,4.524083753388888
2018,biomass_forecast,2397,,36.19599977944445
2018,biomass_forecast,2396,,22.94933814444445
2018,biomass_forecast,2395,,4.748435782194444
2018,biomass_forecast,2394,,26.46747959972222
2018,biomass_forecast,2393,,55.91357602027779
2018,biomass_forecast,2392,,13.8648855945
2018,biomass_forecast,2391,,41.33481597833334
2018,biomass_forecast,2390,,41.44768693694444
2018,biomass_forecast,2389,,0.2466606175277778
2018,biomass_forecast,2388,,0.5627442299722223
2018,biomass_forecast,2387,,0.7391879962777778
2018,biomass_forecast,2386,,57.72333897555556
2018,biomass_forecast,2385,,110.69486153055556
2018,biomass_forecast,2384,,132.12891856
2018,biomass_forecast,2383,,48.571898036388895
2018,biomass_forecast,2382,,6.933850857777779
2018,biomass_forecast,2381,,3.4829670325000004
2018,biomass_forecast,2380,,2.4561892782500006
2018,biomass_forecast,2379,,2.103336605638889
2018,biomass_forecast,2378,,0.08429483155555557
2018,biomass_forecast,2377,,19.928339164444445
2018,biomass_forecast,2376,,100.86027399555557
2018,biomass_forecast,2375,,144.62993536250002
2018,biomass_forecast,2374,,142.12762069833332
2018,biomass_forecast,2373,,77.59657987083334
2018,biomass_forecast,2372,,7.917014267583334
2018,biomass_forecast,2371,,1.439450856527778
2018,biomass_forecast,2370,,1.5733005008611114
2018,biomass_forecast,2369,,2.4016594159444447
2018,biomass_forecast,2368,,51.80923461833334
2018,biomass_forecast,2367,,123.32646220583334
2018,biomass_forecast,2366,,144.78860091111113
2018,biomass_forecast,2365,,110.6784782425
2018,biomass_forecast,2364,,60.33448452361113
2018,biomass_forecast,2363,,6.166835626055556
2018,biomass_forecast,2362,,0.02448371252777778
2018,biomass_forecast,2361,,0.03297103438888889
2018,biomass_forecast,2360,,0.043397765472222224
2018,biomass_forecast,2359,,3.5903136566944447
2018,biomass_forecast,2358,,5.291584889083334
2018,biomass_forecast,2357,,66.00169541833336
2018,biomass_forecast,2356,,140.1491262563889
2018,biomass_forecast,2355,,112.63611497222222
2018,biomass_forecast,2354,,140.1387032441667
2018,biomass_forecast,2353,,73.0930860338889
2018,biomass_forecast,2352,,0.9714369408888891
2018,biomass_forecast,2351,,0.369812602
2018,biomass_forecast,2350,,0.6971006046388889
2018,biomass_forecast,2349,,0.5322033071666668
2018,biomass_forecast,2348,,0.7166925064722223
2018,biomass_forecast,2347,,2.162885386027778
2018,biomass_forecast,2346,,36.29386027638889
2018,biomass_forecast,2345,,35.708580229999995
2018,biomass_forecast,2344,,113.49535031944446
2018,biomass_forecast,2343,,140.76825290305558
2018,biomass_forecast,2342,,120.0256729113889
2018,biomass_forecast,2341,,107.63723437861111
2018,biomass_forecast,2340,,68.64010937861113
2018,biomass_forecast,2339,,0.4736645985833334
2018,biomass_forecast,2338,,0.31659576952777785
2018,biomass_forecast,2337,,1.4294275341111113
2018,biomass_forecast,2336,,7.534033286166668
2018,biomass_forecast,2335,,25.792738280833333
2018,biomass_forecast,2334,,10.862852584944445
2018,biomass_forecast,2333,,35.031650435833335
2018,biomass_forecast,2332,,31.633693749444447
2018,biomass_forecast,2331,,1.5580016076111114
2018,biomass_forecast,2330,,0.020048319694444445
2018,biomass_forecast,2329,,0.5034684397777778
2018,biomass_forecast,2328,,1.8509188559722223
2018,biomass_forecast,2327,,2.1318340798611115
2018,biomass_forecast,2326,,0.17070718369444446
2018,biomass_forecast,2325,,1.7546020615000002
2018,biomass_forecast,2324,,40.16259871694445
2018,biomass_forecast,2323,,88.84605069305556
2018,biomass_forecast,2322,,114.34752421305556
2018,biomass_forecast,2321,,115.0114066927778
2018,biomass_forecast,2320,,91.71611839027779
2018,biomass_forecast,2319,,67.24105495722223
2018,biomass_forecast,2318,,9.31171495977778
2018,biomass_forecast,2317,,1.5393808830833333
2018,biomass_forecast,2316,,0.6165377860000001
2018,biomass_forecast,2315,,23.64970311827778
2018,biomass_forecast,2314,,69.41869751777779
2018,biomass_forecast,2313,,38.39451699833334
2018,biomass_forecast,2312,,66.52863608416668
2018,biomass_forecast,2311,,60.221834608055566
2018,biomass_forecast,2310,,142.59676807416668
2018,biomass_forecast,2309,,86.71210903055557
2018,biomass_forecast,2308,,159.24261496666668
2018,biomass_forecast,2307,,159.55359775833335
2018,biomass_forecast,2306,,103.68186069305557
2018,biomass_forecast,2305,,38.88186200388889
2018,biomass_forecast,2304,,10.716447644972224
2018,biomass_forecast,2303,,0.020345045000000003
2018,biomass_forecast,2302,,2.6654958857500004
2018,biomass_forecast,2301,,0.3368328008055556
2018,biomass_forecast,2300,,0.32947824572222234
2018,biomass_forecast,2299,,1.389713651527778
2018,biomass_forecast,2298,,43.66823848166667
2018,biomass_forecast,2297,,129.86444959944447
2018,biomass_forecast,2296,,141.78543980555557
2018,biomass_forecast,2295,,133.10993828444447
2018,biomass_forecast,2294,,108.17938041750001
2018,biomass_forecast,2293,,61.71833218611112
2018,biomass_forecast,2292,,48.68112441944445
2018,biomass_forecast,2291,,36.36093150361111
2018,biomass_forecast,2290,,0.06394935583333333
2018,biomass_forecast,2289,,7.040260937805557
2018,biomass_forecast,2288,,45.564644284444455
2018,biomass_forecast,2287,,169.24332599750002
2018,biomass_forecast,2286,,370.6489295916667
2018,biomass_forecast,2285,,213.42608385555556
2018,biomass_forecast,2284,,183.52367274722226
2018,biomass_forecast,2283,,156.85685390555557
2018,biomass_forecast,2282,,113.18461121555556
2018,biomass_forecast,2281,,121.53009923888891
2018,biomass_forecast,2280,,142.99767304250003
2018,biomass_forecast,2279,,172.81315147138895
2018,biomass_forecast,2278,,178.05841064444445
2018,biomass_forecast,2277,,152.62554168583333
2018,biomass_forecast,2276,,130.33773022222223
2018,biomass_forecast,2275,,23.721343676944443
2018,biomass_forecast,2274,,4.697458863222222
2018,biomass_forecast,2273,,0.3023456839444445
2018,biomass_forecast,2272,,0.5137211462222223
2018,biomass_forecast,2271,,0.41938535447222225
2018,biomass_forecast,2270,,1.9449442625000004
2018,biomass_forecast,2269,,1.4718376364444445
2018,biomass_forecast,2268,,9.910935136833336
2018,biomass_forecast,2267,,90.5532717152778
2018,biomass_forecast,2266,,157.63124189638893
2018,biomass_forecast,2265,,222.7049969527778
2018,biomass_forecast,2264,,258.32243450583337
2018,biomass_forecast,2263,,177.46781837416668
2018,biomass_forecast,2262,,135.9945818602778
2018,biomass_forecast,2261,,78.16932222555558
2018,biomass_forecast,2260,,47.859858459166674
2018,biomass_forecast,2259,,8.805934429833334
2018,biomass_forecast,2258,,2.222741779027778
2018,biomass_forecast,2257,,0.4663200291666667
2018,biomass_forecast,2256,,2.8061078157777777
2018,biomass_forecast,2255,,8.96813144888889
2018,biomass_forecast,2254,,11.40734206275
2018,biomass_forecast,2253,,97.02300220555558
2018,biomass_forecast,2252,,257.49463696444445
2018,biomass_forecast,2251,,350.20190132500005
2018,biomass_forecast,2250,,315.6629375805556
2018,biomass_forecast,2249,,134.27220045416666
2018,biomass_forecast,2248,,129.12467955944444
2018,biomass_forecast,2247,,71.62765185055557
2018,biomass_forecast,2246,,35.57726886500001
2018,biomass_forecast,2245,,40.850993262222225
2018,biomass_forecast,2244,,58.50159083638889
2018,biomass_forecast,2243,,173.4463852833333
2018,biomass_forecast,2242,,195.65765040833335
2018,biomass_forecast,2241,,168.00622897500003
2018,biomass_forecast,2240,,179.30712700555557
2018,biomass_forecast,2239,,162.69974729166665
2018,biomass_forecast,2238,,113.40546564750001
2018,biomass_forecast,2237,,14.851269748638892
2018,biomass_forecast,2236,,0.013861956555555558
2018,biomass_forecast,2235,,1.5577530064722225
2018,biomass_forecast,2234,,0.4667003816666667
2018,biomass_forecast,2233,,36.831539420000006
2018,biomass_forecast,2232,,48.04868830555556
2018,biomass_forecast,2231,,106.01581245833334
2018,biomass_forecast,2230,,137.88954746083334
2018,biomass_forecast,2229,,158.02646490333336
2018,biomass_forecast,2228,,138.514543085
2018,biomass_forecast,2227,,165.58178466833334
2018,biomass_forecast,2226,,170.62475967083333
2018,biomass_forecast,2225,,155.5882802316667
2018,biomass_forecast,2224,,115.1720214213889
2018,biomass_forecast,2223,,65.25579155972223
2018,biomass_forecast,2222,,14.181998239777778
2018,biomass_forecast,2221,,3.106556521444445
2018,biomass_forecast,2220,,2.0981582502500005
2018,biomass_forecast,2219,,14.488298497527778
2018,biomass_forecast,2218,,174.55199433055557
2018,biomass_forecast,2217,,296.9421530916667
2018,biomass_forecast,2216,,341.5819214666667
2018,biomass_forecast,2215,,316.94590802500005
2018,biomass_forecast,2214,,424.3278664444445
2018,biomass_forecast,2213,,379.27739376111117
2018,biomass_forecast,2212,,171.98250241305558
2018,biomass_forecast,2211,,52.0734093513889
2018,biomass_forecast,2210,,9.41107532763889
2018,biomass_forecast,2209,,0.43970859913888893
2018,biomass_forecast,2208,,0.08037790777777779
2018,biomass_forecast,2207,,0.8096115291388889
2018,biomass_forecast,2206,,0.9976775248333335
2018,biomass_forecast,2205,,61.502434306666665
2018,biomass_forecast,2204,,157.20030063527778
2018,biomass_forecast,2203,,188.5330039138889
2018,biomass_forecast,2202,,107.63123416111112
2018,biomass_forecast,2201,,127.03584457555557
2018,biomass_forecast,2200,,176.51229265000003
2018,biomass_forecast,2199,,159.9010635075
2018,biomass_forecast,2198,,14.682532708361114
2018,biomass_forecast,2197,,0.06976376716666667
2018,biomass_forecast,2196,,5.134239905444445
2018,biomass_forecast,2195,,14.502798848444447
2018,biomass_forecast,2194,,50.750846280277784
2018,biomass_forecast,2193,,103.22065385111112
2018,biomass_forecast,2192,,155.55153337166666
2018,biomass_forecast,2191,,136.98632537027777
2018,biomass_forecast,2190,,201.85740409972226
2018,biomass_forecast,2189,,166.77525436027778
2018,biomass_forecast,2188,,158.75055176527783
2018,biomass_forecast,2187,,175.3893668025
2018,biomass_forecast,2186,,217.9934139102778
2018,biomass_forecast,2185,,279.6960112102778
2018,biomass_forecast,2184,,76.97941409055557
2018,biomass_forecast,2183,,34.91381046555556
2018,biomass_forecast,2182,,6.856293340750001
2018,biomass_forecast,2181,,2.5209518296944444
2018,biomass_forecast,2180,,0.28172997530555555
2018,biomass_forecast,2179,,5.524492965583334
2018,biomass_forecast,2178,,112.8094035113889
2018,biomass_forecast,2177,,225.77146743611115
2018,biomass_forecast,2176,,233.42938445833337
2018,biomass_forecast,2175,,340.0461874944445
2018,biomass_forecast,2174,,439.0387242555556
2018,biomass_forecast,2173,,356.04669315833337
2018,biomass_forecast,2172,,270.5518862225
2018,biomass_forecast,2171,,321.6428260694445
2018,biomass_forecast,2170,,242.00307230861114
2018,biomass_forecast,2169,,160.47755135583336
2018,biomass_forecast,2168,,26.185859362500004
2018,biomass_forecast,2167,,29.36551239786112
2018,biomass_forecast,2166,,9.632883078222223
2018,biomass_forecast,2165,,12.359970780277779
2018,biomass_forecast,2164,,34.798028362500006
2018,biomass_forecast,2163,,51.98431227083334
2018,biomass_forecast,2162,,50.02882798750001
2018,biomass_forecast,2161,,76.56020312361112
2018,biomass_forecast,2160,,104.07482252861114
2018,biomass_forecast,2159,,173.32745763555556
2018,biomass_forecast,2158,,122.40631612555555
2018,biomass_forecast,2157,,41.53233718694445
2018,biomass_forecast,2156,,0.3421051366388889
2018,biomass_forecast,2155,,0.8576068306666667
2018,biomass_forecast,2154,,27.986972466388888
2018,biomass_forecast,2153,,30.185685820000003
2018,biomass_forecast,2152,,21.054721170833332
2018,biomass_forecast,2151,,63.592172303055555
2018,biomass_forecast,2150,,100.15368788833334
2018,biomass_forecast,2149,,148.21932325611112
2018,biomass_forecast,2148,,203.59415373861114
2018,biomass_forecast,2147,,218.83303386944448
2018,biomass_forecast,2146,,180.17199049944446
2018,biomass_forecast,2145,,256.3350980508334
2018,biomass_forecast,2144,,277.8636381277778
2018,biomass_forecast,2143,,269.0618767069445
2018,biomass_forecast,2142,,38.44917485386111
2018,biomass_forecast,2141,,95.47790924861113
2018,biomass_forecast,2140,,80.01946841750001
2018,biomass_forecast,2139,,13.034553405250001
2018,biomass_forecast,2138,,14.674307558333334
2018,biomass_forecast,2137,,257.4265183111111
2018,biomass_forecast,2136,,375.62694468055565
2018,biomass_forecast,2135,,345.65680525277776
2018,biomass_forecast,2134,,299.1941015583334
2018,biomass_forecast,2133,,260.1304435555556
2018,biomass_forecast,2132,,237.3137719888889
2018,biomass_forecast,2131,,188.9619831530556
2018,biomass_forecast,2130,,220.17074752833338
2018,biomass_forecast,2129,,222.61283747194443
2018,biomass_forecast,2128,,243.55325190833335
2018,biomass_forecast,2127,,87.17341200888889
2018,biomass_forecast,2126,,41.12548801638889
2018,biomass_forecast,2125,,97.26884948083334
2018,biomass_forecast,2124,,54.907412948333345
2018,biomass_forecast,2123,,14.52125728177778
2018,biomass_forecast,2122,,0.3018695326944445
2018,biomass_forecast,2121,,8.83865695452778
2018,biomass_forecast,2120,,6.70482826263889
2018,biomass_forecast,2119,,1.4225683014444448
2018,biomass_forecast,2118,,6.196362243777779
2018,biomass_forecast,2117,,53.92460929055556
2018,biomass_forecast,2116,,87.35553232666669
2018,biomass_forecast,2115,,122.29420767750001
2018,biomass_forecast,2114,,149.92482165694446
2018,biomass_forecast,2113,,187.67677180388893
2018,biomass_forecast,2112,,186.7509992252778
2018,biomass_forecast,2111,,17.896421005944443
2018,biomass_forecast,2110,,0.09794526675000002
2018,biomass_forecast,2109,,2.357047008166667
2018,biomass_forecast,2108,,6.085568249222224
2018,biomass_forecast,2107,,13.90633412102778
2018,biomass_forecast,2106,,0.024415506000000003
2018,biomass_forecast,2105,,0.37736528980555556
2018,biomass_forecast,2104,,16.495446284944446
2018,biomass_forecast,2103,,42.39983452722223
2018,biomass_forecast,2102,,88.53588570722223
2018,biomass_forecast,2101,,193.15387503861112
2018,biomass_forecast,2100,,202.46215143444445
2018,biomass_forecast,2099,,177.6518351441667
2018,biomass_forecast,2098,,194.6275234316667
2018,biomass_forecast,2097,,261.58019194111114
2018,biomass_forecast,2096,,219.70123270388893
2018,biomass_forecast,2095,,207.91912821111114
2018,biomass_forecast,2094,,283.44321717166673
2018,biomass_forecast,2093,,195.03308732583335
2018,biomass_forecast,2092,,10.290585850277779
2018,biomass_forecast,2091,,33.14257007166667
2018,biomass_forecast,2090,,328.52054681111116
2018,biomass_forecast,2089,,435.0827357027778
2018,biomass_forecast,2088,,337.54939015555556
2018,biomass_forecast,2087,,309.0454330555556
2018,biomass_forecast,2086,,126.77924790222224
2018,biomass_forecast,2085,,63.36112265916667
2018,biomass_forecast,2084,,98.33769182916669
2018,biomass_forecast,2083,,153.3907721841667
2018,biomass_forecast,2082,,201.17833603611112
2018,biomass_forecast,2081,,260.13641823805557
2018,biomass_forecast,2080,,297.4588476694445
2018,biomass_forecast,2079,,295.0380719555556
2018,biomass_forecast,2078,,227.42845215527782
2018,biomass_forecast,2077,,168.37069787083334
2018,biomass_forecast,2076,,89.02918036583335
2018,biomass_forecast,2075,,14.592894541000001
2018,biomass_forecast,2074,,86.55926089916666
2018,biomass_forecast,2073,,115.28063584194446
2018,biomass_forecast,2072,,52.660446216388905
2018,biomass_forecast,2071,,34.6931083475
2018,biomass_forecast,2070,,95.38026195361113
2018,biomass_forecast,2069,,177.43811458527782
2018,biomass_forecast,2068,,221.7362990972223
2018,biomass_forecast,2067,,167.62808015527776
2018,biomass_forecast,2066,,178.51183784888892
2018,biomass_forecast,2065,,170.07529491888891
2018,biomass_forecast,2064,,62.617352544999996
2018,biomass_forecast,2063,,19.034481989916667
2018,biomass_forecast,2062,,0.022552863722222222
2018,biomass_forecast,2061,,1.0809908921666667
2018,biomass_forecast,2060,,14.38512527875
2018,biomass_forecast,2059,,16.606643691222224
2018,biomass_forecast,2058,,10.816164334083332
2018,biomass_forecast,2057,,6.709154109388891
2018,biomass_forecast,2056,,4.257631666138889
2018,biomass_forecast,2055,,7.456798420583334
2018,biomass_forecast,2054,,1.8649014581111114
2018,biomass_forecast,2053,,19.664287264972224
2018,biomass_forecast,2052,,145.14917177250004
2018,biomass_forecast,2051,,152.12493441
2018,biomass_forecast,2050,,219.06220925722226
2018,biomass_forecast,2049,,180.45783879472225
2018,biomass_forecast,2048,,209.32699629916672
2018,biomass_forecast,2047,,262.70977275166666
2018,biomass_forecast,2046,,301.85880766111114
2018,biomass_forecast,2045,,282.24848770250003
2018,biomass_forecast,2044,,126.96554996138892
2018,biomass_forecast,2043,,2.530756516888889
2018,biomass_forecast,2042,,1.5450895559444449
2018,biomass_forecast,2041,,158.1307158916667
2018,biomass_forecast,2040,,418.1136686555556
2018,biomass_forecast,2039,,430.2515699555556
2018,biomass_forecast,2038,,313.96687528611113
2018,biomass_forecast,2037,,142.69488759694448
2018,biomass_forecast,2036,,185.34824371944447
2018,biomass_forecast,2035,,233.76313908888892
2018,biomass_forecast,2034,,356.6344362944445
2018,biomass_forecast,2033,,356.22742080000006
2018,biomass_forecast,2032,,335.5941844666667
2018,biomass_forecast,2031,,450.1448029416668
2018,biomass_forecast,2030,,510.73011731388897
2018,biomass_forecast,2029,,475.79313787777784
2018,biomass_forecast,2028,,347.6729971444444
2018,biomass_forecast,2027,,305.9983995305556
2018,biomass_forecast,2026,,292.796370808889
2018,biomass_forecast,2025,,93.01029321333334
2018,biomass_forecast,2024,,178.90473534111112
2018,biomass_forecast,2023,,167.54248343333336
2018,biomass_forecast,2022,,130.89358520444443
2018,biomass_forecast,2021,,128.53845576444445
2018,biomass_forecast,2020,,204.11494700000003
2018,biomass_forecast,2019,,186.46612974277778
2018,biomass_forecast,2018,,229.17609680000004
2018,biomass_forecast,2017,,215.43857830555555
2018,biomass_forecast,2016,,255.92474917222228
2018,biomass_forecast,2015,,228.91405954444448
2018,biomass_forecast,2014,,94.45570574750002
2018,biomass_forecast,2013,,107.53426476305556
2018,biomass_forecast,2012,,27.841360620277783
2018,biomass_forecast,2011,,2.1481208733055555
2018,biomass_forecast,2010,,18.56627109286111
2018,biomass_forecast,2009,,26.503086990305558
2018,biomass_forecast,2008,,18.23430355555556
2018,biomass_forecast,2007,,22.20574363
2018,biomass_forecast,2006,,41.95561366638889
2018,biomass_forecast,2005,,45.3429603563889
2018,biomass_forecast,2004,,148.82870377222224
2018,biomass_forecast,2003,,145.13561958222223
2018,biomass_forecast,2002,,136.40467442055555
2018,biomass_forecast,2001,,129.75615807361112
2018,biomass_forecast,2000,,52.37569273944445
2018,biomass_forecast,1999,,49.75167761916667
2018,biomass_forecast,1998,,118.51426940055556
2018,biomass_forecast,1997,,151.5805052791667
2018,biomass_forecast,1996,,146.73536385583336
2018,biomass_forecast,1995,,135.40603787166668
2018,biomass_forecast,1994,,224.68968116305555
2018,biomass_forecast,1993,,202.28526350555558
2018,biomass_forecast,1992,,203.93519995000003
2018,biomass_forecast,1991,,155.3431723013889
2018,biomass_forecast,1990,,87.7781062602778
2018,biomass_forecast,1989,,1.427472823166667
2018,biomass_forecast,1988,,2.688495036527778
2018,biomass_forecast,1987,,59.44595707861112
2018,biomass_forecast,1986,,90.69667372277779
2018,biomass_forecast,1985,,219.83583196388892
2018,biomass_forecast,1984,,263.01216677222226
2018,biomass_forecast,1983,,87.06233799194446
2018,biomass_forecast,1982,,40.12860202805556
2018,biomass_forecast,1981,,144.09685876944445
2018,biomass_forecast,1980,,186.7054371111111
2018,biomass_forecast,1979,,287.7708956416667
2018,biomass_forecast,1978,,341.9970919527778
2018,biomass_forecast,1977,,309.37646825555555
2018,biomass_forecast,1976,,479.2964121583334
2018,biomass_forecast,1975,,514.309352425
2018,biomass_forecast,1974,,597.3065227805556
2018,biomass_forecast,1973,,582.855590013889
2018,biomass_forecast,1972,,425.21587710555553
2018,biomass_forecast,1971,,298.0861080952778
2018,biomass_forecast,1970,,222.14891668611114
2018,biomass_forecast,1969,,163.72229958722227
2018,biomass_forecast,1968,,166.9901903013889
2018,biomass_forecast,1967,,176.18401803972222
2018,biomass_forecast,1966,,111.49041249694444
2018,biomass_forecast,1965,,174.29900658472224
2018,biomass_forecast,1964,,200.32419775833333
2018,biomass_forecast,1963,,123.62106451972224
2018,biomass_forecast,1962,,132.1505694880556
2018,biomass_forecast,1961,,147.1809510077778
2018,biomass_forecast,1960,,125.66632927666667
2018,biomass_forecast,1959,,76.13522079527779
2018,biomass_forecast,1958,,114.38523536666668
2018,biomass_forecast,1957,,51.533976556111114
2018,biomass_forecast,1956,,6.63628818913889
2018,biomass_forecast,1955,,0.0014344639722222222
2018,biomass_forecast,1954,,8.08584169525
2018,biomass_forecast,1953,,56.68685510500001
2018,biomass_forecast,1952,,66.32977157111111
2018,biomass_forecast,1951,,89.95702351138891
2018,biomass_forecast,1950,,66.69573545472223
2018,biomass_forecast,1949,,36.257609102777785
2018,biomass_forecast,1948,,60.957558413611125
2018,biomass_forecast,1947,,191.63083522500003
2018,biomass_forecast,1946,,234.40813912722223
2018,biomass_forecast,1945,,247.07042186388892
2018,biomass_forecast,1944,,164.45124583888892
2018,biomass_forecast,1943,,174.08682101111114
2018,biomass_forecast,1942,,85.19833066194445
2018,biomass_forecast,1941,,242.27609975833337
2018,biomass_forecast,1940,,220.4590214777778
2018,biomass_forecast,1939,,159.6443068388889
2018,biomass_forecast,1938,,165.23990418333332
2018,biomass_forecast,1937,,160.9379579622222
2018,biomass_forecast,1936,,379.96872709722226
2018,biomass_forecast,1935,,334.4313846277778
2018,biomass_forecast,1934,,239.7430682638889
2018,biomass_forecast,1933,,62.94107935222222
2018,biomass_forecast,1932,,1.02999915
2018,biomass_forecast,1931,,38.174125671666665
2018,biomass_forecast,1930,,137.1699447638889
2018,biomass_forecast,1929,,125.92772675972225
2018,biomass_forecast,1928,,115.90092764083336
2018,biomass_forecast,1927,,117.49342304694444
2018,biomass_forecast,1926,,172.71159235277779
2018,biomass_forecast,1925,,180.46020826111112
2018,biomass_forecast,1924,,320.63989935277783
2018,biomass_forecast,1923,,367.40249634166673
2018,biomass_forecast,1922,,370.4778230500001
2018,biomass_forecast,1921,,397.9489691027779
2018,biomass_forecast,1920,,373.98263042777785
2018,biomass_forecast,1919,,386.8643802944445
2018,biomass_forecast,1918,,414.3624717083334
2018,biomass_forecast,1917,,464.45306398333344
2018,biomass_forecast,1916,,361.1178752055556
2018,biomass_forecast,1915,,404.9127587166667
2018,biomass_forecast,1914,,471.74216589722226
2018,biomass_forecast,1913,,268.7727292527778
2018,biomass_forecast,1912,,133.69611443444447
2018,biomass_forecast,1911,,192.65998839722224
2018,biomass_forecast,1910,,81.21716064833335
2018,biomass_forecast,1909,,1.5629482780833333
2018,biomass_forecast,1908,,84.30001609
2018,biomass_forecast,1907,,195.90931216333337
2018,biomass_forecast,1906,,206.36943879777778
2018,biomass_forecast,1905,,187.60702027277782
2018,biomass_forecast,1904,,207.61036045277777
2018,biomass_forecast,1903,,134.52834140944444
2018,biomass_forecast,1902,,158.6415443375
2018,biomass_forecast,1901,,136.72622490055556
2018,biomass_forecast,1900,,46.802996160277786
2018,biomass_forecast,1899,,25.42700518333334
2018,biomass_forecast,1898,,2.71196091525
2018,biomass_forecast,1897,,0.7282384012777778
2018,biomass_forecast,1896,,4.235723995333334
2018,biomass_forecast,1895,,7.82114230263889
2018,biomass_forecast,1894,,14.871964481361113
2018,biomass_forecast,1893,,11.351088405055558
2018,biomass_forecast,1892,,0.7197207162222223
2018,biomass_forecast,1891,,2.023574501388889
2018,biomass_forecast,1890,,17.053700949722224
2018,biomass_forecast,1889,,72.7884732363889
2018,biomass_forecast,1888,,126.04806879972223
2018,biomass_forecast,1887,,208.70585971388894
2018,biomass_forecast,1886,,135.02391625944446
2018,biomass_forecast,1885,,156.27631864888892
2018,biomass_forecast,1884,,220.78745651111112
2018,biomass_forecast,1883,,284.01613701944444
2018,biomass_forecast,1882,,234.641246375
2018,biomass_forecast,1881,,125.70111085
2018,biomass_forecast,1880,,165.27715854166667
2018,biomass_forecast,1879,,334.8103951277778
2018,biomass_forecast,1878,,167.33867221388888
2018,biomass_forecast,1877,,35.80345529972222
2018,biomass_forecast,1876,,0.26490595922222226
2018,biomass_forecast,1875,,0.9115355073611111
2018,biomass_forecast,1874,,165.38069852222225
2018,biomass_forecast,1873,,296.7429733138889
2018,biomass_forecast,1872,,186.74701435000003
2018,biomass_forecast,1871,,118.27807999861112
2018,biomass_forecast,1870,,140.22319287000002
2018,biomass_forecast,1869,,139.27757197805556
2018,biomass_forecast,1868,,312.9429062833334
2018,biomass_forecast,1867,,444.1585464388889
2018,biomass_forecast,1866,,477.2049289138889
2018,biomass_forecast,1865,,406.0533150555556
2018,biomass_forecast,1864,,504.5941336222223
2018,biomass_forecast,1863,,439.12501694166673
2018,biomass_forecast,1862,,475.75935534722225
2018,biomass_forecast,1861,,426.5459700777779
2018,biomass_forecast,1860,,463.49260796111116
2018,biomass_forecast,1859,,502.22324795833345
2018,biomass_forecast,1858,,522.1949654055556
2018,biomass_forecast,1857,,450.9321449972222
2018,biomass_forecast,1856,,302.62379329444445
2018,biomass_forecast,1855,,157.07027116555557
2018,biomass_forecast,1854,,166.76779048111112
2018,biomass_forecast,1853,,123.84002495194444
2018,biomass_forecast,1852,,63.072583568055556
2018,biomass_forecast,1851,,143.72241656722224
2018,biomass_forecast,1850,,225.62003622833333
2018,biomass_forecast,1849,,270.0286006847223
2018,biomass_forecast,1848,,223.35394033055556
2018,biomass_forecast,1847,,230.9542668611111
2018,biomass_forecast,1846,,132.4854137713889
2018,biomass_forecast,1845,,159.2446014430556
2018,biomass_forecast,1844,,69.36403475805555
2018,biomass_forecast,1843,,53.951270263888894
2018,biomass_forecast,1842,,11.560436581277779
2018,biomass_forecast,1841,,7.9167671330000005
2018,biomass_forecast,1840,,4.033664465055557
2018,biomass_forecast,1839,,3.228725924916667
2018,biomass_forecast,1838,,26.609427927222224
2018,biomass_forecast,1837,,31.360577901666673
2018,biomass_forecast,1836,,67.15498505527778
2018,biomass_forecast,1835,,51.456642575000004
2018,biomass_forecast,1834,,53.96537908000001
2018,biomass_forecast,1833,,38.38024785694444
2018,biomass_forecast,1832,,75.68740865833335
2018,biomass_forecast,1831,,175.33365841666668
2018,biomass_forecast,1830,,226.63589943611115
2018,biomass_forecast,1829,,189.36406748333337
2018,biomass_forecast,1828,,108.21658981583334
2018,biomass_forecast,1827,,212.76072860000005
2018,biomass_forecast,1826,,188.92187711666668
2018,biomass_forecast,1825,,142.98356415555557
2018,biomass_forecast,1824,,74.05202803333334
2018,biomass_forecast,1823,,9.648548656583335
2018,biomass_forecast,1822,,0.6029872818055555
2018,biomass_forecast,1821,,104.52963977944445
2018,biomass_forecast,1820,,251.85556539444445
2018,biomass_forecast,1819,,242.92721600555558
2018,biomass_forecast,1818,,121.90314062277778
2018,biomass_forecast,1817,,48.162344403611115
2018,biomass_forecast,1816,,78.82763258722224
2018,biomass_forecast,1815,,183.18075985000002
2018,biomass_forecast,1814,,162.73009131666666
2018,biomass_forecast,1813,,272.27488369444444
2018,biomass_forecast,1812,,301.36163624444447
2018,biomass_forecast,1811,,440.3469534972223
2018,biomass_forecast,1810,,467.39217544166667
2018,biomass_forecast,1809,,452.4849718000001
2018,biomass_forecast,1808,,467.49392954166666
2018,biomass_forecast,1807,,487.8238296166667
2018,biomass_forecast,1806,,516.1685328888889
2018,biomass_forecast,1805,,580.1562195277778
2018,biomass_forecast,1804,,530.9557299722222
2018,biomass_forecast,1803,,409.71809428333336
2018,biomass_forecast,1802,,232.44425667444446
2018,biomass_forecast,1801,,317.6689541152778
2018,biomass_forecast,1800,,333.1304349838889
2018,biomass_forecast,1799,,288.39689655833337
2018,biomass_forecast,1798,,303.81336498277784
2018,biomass_forecast,1797,,363.0806938708334
2018,biomass_forecast,1796,,355.4839045163889
2018,biomass_forecast,1795,,303.4531344316668
2018,biomass_forecast,1794,,159.34819495611112
2018,biomass_forecast,1793,,65.45630671805557
2018,biomass_forecast,1792,,49.40792200361111
2018,biomass_forecast,1791,,61.70153050944445
2018,biomass_forecast,1790,,81.00901976111112
2018,biomass_forecast,1789,,58.59723896444445
2018,biomass_forecast,1788,,81.01445018805556
2018,biomass_forecast,1787,,113.6801678352778
2018,biomass_forecast,1786,,24.486300442944447
2018,biomass_forecast,1785,,0.4307712956111111
2018,biomass_forecast,1784,,0.2932482571944444
2018,biomass_forecast,1783,,6.440996296750001
2018,biomass_forecast,1782,,1.2110341654999999
2018,biomass_forecast,1781,,0.5640156413055556
2018,biomass_forecast,1780,,3.9623763561944445
2018,biomass_forecast,1779,,39.09987711916666
2018,biomass_forecast,1778,,12.516057094305557
2018,biomass_forecast,1777,,99.22871441888891
2018,biomass_forecast,1776,,216.1283756027778
2018,biomass_forecast,1775,,188.96621365833334
2018,biomass_forecast,1774,,238.04425641944445
2018,biomass_forecast,1773,,272.33106655833336
2018,biomass_forecast,1772,,302.6661618833334
2018,biomass_forecast,1771,,318.45013768888896
2018,biomass_forecast,1770,,241.2654516277778
2018,biomass_forecast,1769,,240.80583233333337
2018,biomass_forecast,1768,,125.15595204027778
2018,biomass_forecast,1767,,0.38256040150000004
2018,biomass_forecast,1766,,32.112507820833336
2018,biomass_forecast,1765,,49.69275304944445
2018,biomass_forecast,1764,,139.2959564927778
2018,biomass_forecast,1763,,140.23224386666666
2018,biomass_forecast,1762,,322.93865754722225
2018,biomass_forecast,1761,,479.2677298666666
2018,biomass_forecast,1760,,332.7995118166667
2018,biomass_forecast,1759,,267.51172000555556
2018,biomass_forecast,1758,,294.14900293888894
2018,biomass_forecast,1757,,255.16682940833337
2018,biomass_forecast,1756,,286.0642492583334
2018,biomass_forecast,1755,,438.50769508333343
2018,biomass_forecast,1754,,441.0094282277778
2018,biomass_forecast,1753,,520.2153617499999
2018,biomass_forecast,1752,,458.37781355833334
2018,biomass_forecast,1751,,416.92051484722225
2018,biomass_forecast,1750,,396.48939789444444
2018,biomass_forecast,1749,,346.6787007722222
2018,biomass_forecast,1748,,308.3557756277778
2018,biomass_forecast,1747,,252.32893309861117
2018,biomass_forecast,1746,,247.17494498916668
2018,biomass_forecast,1745,,248.07386017527784
2018,biomass_forecast,1744,,212.1488499719445
2018,biomass_forecast,1743,,304.65090264194447
2018,biomass_forecast,1742,,376.4568125347223
2018,biomass_forecast,1741,,337.3436457433334
2018,biomass_forecast,1740,,265.08568785194444
2018,biomass_forecast,1739,,44.8500075861389
2018,biomass_forecast,1738,,34.68327395194445
2018,biomass_forecast,1737,,172.99397923694448
2018,biomass_forecast,1736,,79.87788900277779
2018,biomass_forecast,1735,,4.939669456750001
2018,biomass_forecast,1734,,83.68622113861112
2018,biomass_forecast,1733,,134.04393662777778
2018,biomass_forecast,1732,,78.48838408555557
2018,biomass_forecast,1731,,20.586464565000004
2018,biomass_forecast,1730,,0.24936166900000004
2018,biomass_forecast,1729,,0.07130656811111112
2018,biomass_forecast,1728,,3.643783913611111
2018,biomass_forecast,1727,,19.591300301305555
2018,biomass_forecast,1726,,48.22032436194444
2018,biomass_forecast,1725,,199.1383897944445
2018,biomass_forecast,1724,,90.50825288777777
2018,biomass_forecast,1723,,137.72878605972224
2018,biomass_forecast,1722,,235.99782647222221
2018,biomass_forecast,1721,,248.16932252777778
2018,biomass_forecast,1720,,250.62055162222225
2018,biomass_forecast,1719,,349.44113075000007
2018,biomass_forecast,1718,,309.2498270861111
2018,biomass_forecast,1717,,329.95282702222227
2018,biomass_forecast,1716,,331.19739235000003
2018,biomass_forecast,1715,,309.73102652777783
2018,biomass_forecast,1714,,267.3039300666667
2018,biomass_forecast,1713,,51.40642590000001
2018,biomass_forecast,1712,,18.820828146944447
2018,biomass_forecast,1711,,101.29696761194445
2018,biomass_forecast,1710,,47.58163128888889
2018,biomass_forecast,1709,,129.83293213944447
2018,biomass_forecast,1708,,287.60437943888894
2018,biomass_forecast,1707,,465.6592432722223
2018,biomass_forecast,1706,,308.08985774444443
2018,biomass_forecast,1705,,234.82637788333338
2018,biomass_forecast,1704,,225.418848435
2018,biomass_forecast,1703,,265.12886660833334
2018,biomass_forecast,1702,,173.7860749580556
2018,biomass_forecast,1701,,281.4978800666667
2018,biomass_forecast,1700,,399.71019320833335
2018,biomass_forecast,1699,,539.1204850777779
2018,biomass_forecast,1698,,265.19438870000005
2018,biomass_forecast,1697,,362.6942706841667
2018,biomass_forecast,1696,,394.3702127627778
2018,biomass_forecast,1695,,292.78960207138897
2018,biomass_forecast,1694,,261.6271584830556
2018,biomass_forecast,1693,,353.3179217533334
2018,biomass_forecast,1692,,278.0836941469445
2018,biomass_forecast,1691,,214.49153736083338
2018,biomass_forecast,1690,,293.59172969722226
2018,biomass_forecast,1689,,217.35924287166668
2018,biomass_forecast,1688,,240.39032322583338
2018,biomass_forecast,1687,,360.12552643472225
2018,biomass_forecast,1686,,216.1359307113889
2018,biomass_forecast,1685,,118.13619039583334
2018,biomass_forecast,1684,,107.04480430666668
2018,biomass_forecast,1683,,231.16124004444444
2018,biomass_forecast,1682,,109.17954232444445
2018,biomass_forecast,1681,,16.484547058527777
2018,biomass_forecast,1680,,93.00822703138888
2018,biomass_forecast,1679,,167.8145060988889
2018,biomass_forecast,1678,,135.27008566027777
2018,biomass_forecast,1677,,52.31589221944444
2018,biomass_forecast,1676,,23.123324925444443
2018,biomass_forecast,1675,,1.5474457333611114
2018,biomass_forecast,1674,,6.958860701722222
2018,biomass_forecast,1673,,73.42669164722223
2018,biomass_forecast,1672,,132.8814114663889
2018,biomass_forecast,1671,,160.70885828527778
2018,biomass_forecast,1670,,225.81458410833338
2018,biomass_forecast,1669,,226.32628759722223
2018,biomass_forecast,1668,,240.09944660277782
2018,biomass_forecast,1667,,289.9520314388889
2018,biomass_forecast,1666,,315.18667517500006
2018,biomass_forecast,1665,,396.89916652777777
2018,biomass_forecast,1664,,274.51303863333334
2018,biomass_forecast,1663,,285.91025753611115
2018,biomass_forecast,1662,,376.0772713666667
2018,biomass_forecast,1661,,322.87574427500005
2018,biomass_forecast,1660,,233.3116544166667
2018,biomass_forecast,1659,,80.30698850555557
2018,biomass_forecast,1658,,3.704421943972222
2018,biomass_forecast,1657,,10.178895420805556
2018,biomass_forecast,1656,,52.00406720861111
2018,biomass_forecast,1655,,28.255283461388895
2018,biomass_forecast,1654,,223.75167719444448
2018,biomass_forecast,1653,,390.72409140555555
2018,biomass_forecast,1652,,509.03793843055564
2018,biomass_forecast,1651,,375.01047898333337
2018,biomass_forecast,1650,,305.4505619444445
2018,biomass_forecast,1649,,298.524527863889
2018,biomass_forecast,1648,,221.8287323866667
2018,biomass_forecast,1647,,152.21559205083335
2018,biomass_forecast,1646,,219.1010621352778
2018,biomass_forecast,1645,,272.80092130027776
2018,biomass_forecast,1644,,461.65747663333343
2018,biomass_forecast,1643,,300.83082242777783
2018,biomass_forecast,1642,,275.60702494055556
2018,biomass_forecast,1641,,335.8227505186111
2018,biomass_forecast,1640,,394.2729470886112
2018,biomass_forecast,1639,,232.22436384527782
2018,biomass_forecast,1638,,387.8501210763889
2018,biomass_forecast,1637,,265.5701174100001
2018,biomass_forecast,1636,,241.6642207019445
2018,biomass_forecast,1635,,384.7692508719445
2018,biomass_forecast,1634,,300.07055060500005
2018,biomass_forecast,1633,,129.67254070833334
2018,biomass_forecast,1632,,146.1864899611111
2018,biomass_forecast,1631,,280.00332069
2018,biomass_forecast,1630,,328.96338165333333
2018,biomass_forecast,1629,,460.56230459972227
2018,biomass_forecast,1628,,265.0108487777778
2018,biomass_forecast,1627,,169.48310449583335
2018,biomass_forecast,1626,,110.54331081361111
2018,biomass_forecast,1625,,97.69686168027779
2018,biomass_forecast,1624,,137.89517422388892
2018,biomass_forecast,1623,,205.8475642555556
2018,biomass_forecast,1622,,116.81763372916667
2018,biomass_forecast,1621,,78.4782533863889
2018,biomass_forecast,1620,,5.251582013027779
2018,biomass_forecast,1619,,0.5274539534722222
2018,biomass_forecast,1618,,2.647080777277778
2018,biomass_forecast,1617,,0.03995054894444445
2018,biomass_forecast,1616,,0.8780532680833333
2018,biomass_forecast,1615,,77.18094125944445
2018,biomass_forecast,1614,,204.60774654722223
2018,biomass_forecast,1613,,173.1743820944445
2018,biomass_forecast,1612,,211.81529849444445
2018,biomass_forecast,1611,,111.83174153416668
2018,biomass_forecast,1610,,140.40213816944447
2018,biomass_forecast,1609,,332.6449610361111
2018,biomass_forecast,1608,,421.38047112777787
2018,biomass_forecast,1607,,447.88243104166673
2018,biomass_forecast,1606,,336.9548449972223
2018,biomass_forecast,1605,,325.158521025
2018,biomass_forecast,1604,,334.1094695027778
2018,biomass_forecast,1603,,303.26223202777777
2018,biomass_forecast,1602,,183.97740807777782
2018,biomass_forecast,1601,,126.38707459083335
2018,biomass_forecast,1600,,160.51926146361112
2018,biomass_forecast,1599,,26.48534290080556
2018,biomass_forecast,1598,,4.829745632111112
2018,biomass_forecast,1597,,27.720792980833338
2018,biomass_forecast,1596,,16.87188702222222
2018,biomass_forecast,1595,,189.93060684166667
2018,biomass_forecast,1594,,365.96304110000005
2018,biomass_forecast,1593,,318.5485712777778
2018,biomass_forecast,1592,,208.88399082222224
2018,biomass_forecast,1591,,334.73685074444444
2018,biomass_forecast,1590,,375.36349869166673
2018,biomass_forecast,1589,,171.1948617213889
2018,biomass_forecast,1588,,147.21236017472225
2018,biomass_forecast,1587,,108.79728265305557
2018,biomass_forecast,1586,,223.09087182444446
2018,biomass_forecast,1585,,221.45497577694448
2018,biomass_forecast,1584,,405.14320848750003
2018,biomass_forecast,1583,,334.5427528027778
2018,biomass_forecast,1582,,303.7202839372222
2018,biomass_forecast,1581,,438.71177250388894
2018,biomass_forecast,1580,,230.20074928222226
2018,biomass_forecast,1579,,242.47706782527783
2018,biomass_forecast,1578,,235.9227611725
2018,biomass_forecast,1577,,204.7036377588889
2018,biomass_forecast,1576,,377.1388102544445
2018,biomass_forecast,1575,,254.28870488555563
2018,biomass_forecast,1574,,75.38212649305557
2018,biomass_forecast,1573,,72.23305122833334
2018,biomass_forecast,1572,,176.7705885
2018,biomass_forecast,1571,,225.62106504222226
2018,biomass_forecast,1570,,237.27931796888893
2018,biomass_forecast,1569,,154.20799181194445
2018,biomass_forecast,1568,,67.03151220055555
2018,biomass_forecast,1567,,104.64881039555556
2018,biomass_forecast,1566,,95.45017963555556
2018,biomass_forecast,1565,,98.73591538027779
2018,biomass_forecast,1564,,162.76674926
2018,biomass_forecast,1563,,115.00032616
2018,biomass_forecast,1562,,139.44670105972222
2018,biomass_forecast,1561,,49.02842002333333
2018,biomass_forecast,1560,,0.3127317162222223
2018,biomass_forecast,1559,,9.754233332583334
2018,biomass_forecast,1558,,22.496452278750002
2018,biomass_forecast,1557,,84.205407885
2018,biomass_forecast,1556,,115.8070848127778
2018,biomass_forecast,1555,,195.57108053055558
2018,biomass_forecast,1554,,234.75775399444447
2018,biomass_forecast,1553,,237.54773627500003
2018,biomass_forecast,1552,,179.89161723611113
2018,biomass_forecast,1551,,215.78983731666668
2018,biomass_forecast,1550,,216.55682670277778
2018,biomass_forecast,1549,,388.51991864166666
2018,biomass_forecast,1548,,376.7130694944445
2018,biomass_forecast,1547,,355.36293453611114
2018,biomass_forecast,1546,,301.82244660000003
2018,biomass_forecast,1545,,295.5905515805556
2018,biomass_forecast,1544,,288.6675652472222
2018,biomass_forecast,1543,,368.79302003611116
2018,biomass_forecast,1542,,286.70681807222223
2018,biomass_forecast,1541,,319.807262825
2018,biomass_forecast,1540,,123.70596461555557
2018,biomass_forecast,1539,,110.7076356713889
2018,biomass_forecast,1538,,8.92978235163889
2018,biomass_forecast,1537,,27.510197853611114
2018,biomass_forecast,1536,,112.16260124027778
2018,biomass_forecast,1535,,203.6199048388889
2018,biomass_forecast,1534,,146.97880300694447
2018,biomass_forecast,1533,,184.95150946833334
2018,biomass_forecast,1532,,297.7403496555556
2018,biomass_forecast,1531,,368.37381277222227
2018,biomass_forecast,1530,,384.2250383111111
2018,biomass_forecast,1529,,213.4033029413889
2018,biomass_forecast,1528,,124.83232456611111
2018,biomass_forecast,1527,,59.15020590611111
2018,biomass_forecast,1526,,103.94203392888889
2018,biomass_forecast,1525,,161.82868522833337
2018,biomass_forecast,1524,,169.14829836777778
2018,biomass_forecast,1523,,240.42439990583333
2018,biomass_forecast,1522,,330.4828631216667
2018,biomass_forecast,1521,,240.2050202775
2018,biomass_forecast,1520,,266.0289110627778
2018,biomass_forecast,1519,,263.2220959141667
2018,biomass_forecast,1518,,275.8846604077778
2018,biomass_forecast,1517,,262.44679342777783
2018,biomass_forecast,1516,,327.1113914872223
2018,biomass_forecast,1515,,382.95430521750006
2018,biomass_forecast,1514,,299.6785144869445
2018,biomass_forecast,1513,,151.66418012472224
2018,biomass_forecast,1512,,294.8338498069445
2018,biomass_forecast,1511,,154.2043338491667
2018,biomass_forecast,1510,,61.23735155655556
2018,biomass_forecast,1509,,29.976096047583336
2018,biomass_forecast,1508,,44.333622773055566
2018,biomass_forecast,1507,,50.62202834833334
2018,biomass_forecast,1506,,63.05216259472223
2018,biomass_forecast,1505,,125.75869582361112
2018,biomass_forecast,1504,,169.35032207555557
2018,biomass_forecast,1503,,117.98760975750002
2018,biomass_forecast,1502,,82.91524781277778
2018,biomass_forecast,1501,,194.72436608944446
2018,biomass_forecast,1500,,63.64859854916668
2018,biomass_forecast,1499,,0.3692758676944445
2018,biomass_forecast,1498,,0.8749075201111113
2018,biomass_forecast,1497,,92.2375844325
2018,biomass_forecast,1496,,213.4749120027778
2018,biomass_forecast,1495,,267.58269541111116
2018,biomass_forecast,1494,,282.8959893027778
2018,biomass_forecast,1493,,280.9265509694444
2018,biomass_forecast,1492,,342.7089004555556
2018,biomass_forecast,1491,,358.1630121694445
2018,biomass_forecast,1490,,284.0539084388889
2018,biomass_forecast,1489,,287.3851025888889
2018,biomass_forecast,1488,,316.9657991305556
2018,biomass_forecast,1487,,272.9541278444445
2018,biomass_forecast,1486,,291.1453954805556
2018,biomass_forecast,1485,,244.59072324166672
2018,biomass_forecast,1484,,474.0233256027778
2018,biomass_forecast,1483,,390.7560653638889
2018,biomass_forecast,1482,,373.94774033888893
2018,biomass_forecast,1481,,217.89277139444448
2018,biomass_forecast,1480,,125.07553799277778
2018,biomass_forecast,1479,,141.03280810833334
2018,biomass_forecast,1478,,220.25771840555555
2018,biomass_forecast,1477,,15.24658406938889
2018,biomass_forecast,1476,,74.37024667583334
2018,biomass_forecast,1475,,239.52977202777777
2018,biomass_forecast,1474,,485.82485579444455
2018,biomass_forecast,1473,,322.575166925
2018,biomass_forecast,1472,,296.210885775
2018,biomass_forecast,1471,,294.6392652833334
2018,biomass_forecast,1470,,310.22451973333335
2018,biomass_forecast,1469,,266.15344048055556
2018,biomass_forecast,1468,,195.6801806525
2018,biomass_forecast,1467,,288.60527928944447
2018,biomass_forecast,1466,,201.30565124555557
2018,biomass_forecast,1465,,101.33702881277779
2018,biomass_forecast,1464,,154.65347247416668
2018,biomass_forecast,1463,,203.71239557861117
2018,biomass_forecast,1462,,243.1923879063889
2018,biomass_forecast,1461,,390.6186343469444
2018,biomass_forecast,1460,,207.05553191194448
2018,biomass_forecast,1459,,109.59413580888891
2018,biomass_forecast,1458,,156.70248799694446
2018,biomass_forecast,1457,,199.45710319583338
2018,biomass_forecast,1456,,206.12150277555557
2018,biomass_forecast,1455,,253.0179615202778
2018,biomass_forecast,1454,,306.2992317247223
2018,biomass_forecast,1453,,272.86077754083334
2018,biomass_forecast,1452,,129.45506185722223
2018,biomass_forecast,1451,,68.37269150666667
2018,biomass_forecast,1450,,86.06708548750001
2018,biomass_forecast,1449,,85.17532143944446
2018,biomass_forecast,1448,,86.2838602863889
2018,biomass_forecast,1447,,75.40418059388891
2018,biomass_forecast,1446,,35.28455564888889
2018,biomass_forecast,1445,,48.04216193944445
2018,biomass_forecast,1444,,85.15316517833334
2018,biomass_forecast,1443,,159.9595504280556
2018,biomass_forecast,1442,,143.6427332463889
2018,biomass_forecast,1441,,203.03585305722223
2018,biomass_forecast,1440,,147.28199493583335
2018,biomass_forecast,1439,,59.56591330750001
2018,biomass_forecast,1438,,9.819654073277778
2018,biomass_forecast,1437,,21.42641385416667
2018,biomass_forecast,1436,,60.21174886333334
2018,biomass_forecast,1435,,164.7107221861111
2018,biomass_forecast,1434,,322.3159934277778
2018,biomass_forecast,1433,,352.24003603055564
2018,biomass_forecast,1432,,306.0637224
2018,biomass_forecast,1431,,320.79294203333336
2018,biomass_forecast,1430,,273.9320865138889
2018,biomass_forecast,1429,,205.62532806944446
2018,biomass_forecast,1428,,246.0639864666667
2018,biomass_forecast,1427,,259.74979188055556
2018,biomass_forecast,1426,,151.34507880833337
2018,biomass_forecast,1425,,205.14954163611114
2018,biomass_forecast,1424,,366.7131924083334
2018,biomass_forecast,1423,,268.65301682222224
2018,biomass_forecast,1422,,193.93709394722222
2018,biomass_forecast,1421,,166.9488459652778
2018,biomass_forecast,1420,,163.5334209666667
2018,biomass_forecast,1419,,58.3757747
2018,biomass_forecast,1418,,56.61153369111112
2018,biomass_forecast,1417,,1.5172419681111111
2018,biomass_forecast,1416,,1.2048296913055558
2018,biomass_forecast,1415,,0.9154081146111112
2018,biomass_forecast,1414,,14.727817111944445
2018,biomass_forecast,1413,,65.64939361166667
2018,biomass_forecast,1412,,191.63802761388888
2018,biomass_forecast,1411,,144.2947853780556
2018,biomass_forecast,1410,,228.67141635833335
2018,biomass_forecast,1409,,306.52153565555557
2018,biomass_forecast,1408,,322.9789144527778
2018,biomass_forecast,1407,,429.94927004166664
2018,biomass_forecast,1406,,269.387937125
2018,biomass_forecast,1405,,301.18410280000006
2018,biomass_forecast,1404,,287.64842055
2018,biomass_forecast,1403,,170.64512912472222
2018,biomass_forecast,1402,,150.78462940833336
2018,biomass_forecast,1401,,167.50035476388894
2018,biomass_forecast,1400,,183.04817241
2018,biomass_forecast,1399,,135.64540153638887
2018,biomass_forecast,1398,,265.5240015519445
2018,biomass_forecast,1397,,240.86984305805555
2018,biomass_forecast,1396,,101.91313624722223
2018,biomass_forecast,1395,,96.45235324527779
2018,biomass_forecast,1394,,64.35503480675001
2018,biomass_forecast,1393,,159.6819264563889
2018,biomass_forecast,1392,,234.27414694472225
2018,biomass_forecast,1391,,315.9419023744445
2018,biomass_forecast,1390,,275.9058497722222
2018,biomass_forecast,1389,,263.27988761
2018,biomass_forecast,1388,,258.12460189666666
2018,biomass_forecast,1387,,225.72227356333335
2018,biomass_forecast,1386,,146.4179796925
2018,biomass_forecast,1385,,202.68948776555555
2018,biomass_forecast,1384,,187.0225290675
2018,biomass_forecast,1383,,37.038448917222226
2018,biomass_forecast,1382,,34.250381098055556
2018,biomass_forecast,1381,,15.557932469277779
2018,biomass_forecast,1380,,37.32764156694445
2018,biomass_forecast,1379,,60.85723908916668
2018,biomass_forecast,1378,,105.57960635694445
2018,biomass_forecast,1377,,52.917682840555564
2018,biomass_forecast,1376,,25.916234651444448
2018,biomass_forecast,1375,,1.191354207027778
2018,biomass_forecast,1374,,3.4919780032500003
2018,biomass_forecast,1373,,6.986658055444443
2018,biomass_forecast,1372,,2.072719858972222
2018,biomass_forecast,1371,,9.534698803194445
2018,biomass_forecast,1370,,22.72012405808334
2018,biomass_forecast,1369,,199.12699550833332
2018,biomass_forecast,1368,,271.13511573333335
2018,biomass_forecast,1367,,393.0137312055556
2018,biomass_forecast,1366,,140.70210711944446
2018,biomass_forecast,1365,,45.3020909625
2018,biomass_forecast,1364,,92.05950779416669
2018,biomass_forecast,1363,,65.45763249000001
2018,biomass_forecast,1362,,105.55356385305558
2018,biomass_forecast,1361,,105.28169738416668
2018,biomass_forecast,1360,,26.963978343333334
2018,biomass_forecast,1359,,66.65070819638889
2018,biomass_forecast,1358,,236.04475065000003
2018,biomass_forecast,1357,,403.6254001111112
2018,biomass_forecast,1356,,349.3721008333334
2018,biomass_forecast,1355,,328.28215533888886
2018,biomass_forecast,1354,,373.18538835833334
2018,biomass_forecast,1353,,296.46324495833335
2018,biomass_forecast,1352,,111.2224769438889
2018,biomass_forecast,1351,,73.09276275111112
2018,biomass_forecast,1350,,74.48852094222224
2018,biomass_forecast,1349,,9.668242693555557
2018,biomass_forecast,1348,,31.40631278388889
2018,biomass_forecast,1347,,82.09018664972224
2018,biomass_forecast,1346,,229.86904186944446
2018,biomass_forecast,1345,,19.9182011575
2018,biomass_forecast,1344,,119.20128717777779
2018,biomass_forecast,1343,,257.83807374166673
2018,biomass_forecast,1342,,340.8329993305556
2018,biomass_forecast,1341,,433.91080304722226
2018,biomass_forecast,1340,,283.0611148361112
2018,biomass_forecast,1339,,243.96728726944448
2018,biomass_forecast,1338,,214.7923274638889
2018,biomass_forecast,1337,,165.43814191861114
2018,biomass_forecast,1336,,133.75578170666668
2018,biomass_forecast,1335,,230.5171271311111
2018,biomass_forecast,1334,,260.2656722638889
2018,biomass_forecast,1333,,52.04126850805556
2018,biomass_forecast,1332,,123.94967847138892
2018,biomass_forecast,1331,,320.30243003361113
2018,biomass_forecast,1330,,139.21291769444446
2018,biomass_forecast,1329,,102.3918129038889
2018,biomass_forecast,1328,,209.6978860441667
2018,biomass_forecast,1327,,294.7722563258334
2018,biomass_forecast,1326,,343.9469447605556
2018,biomass_forecast,1325,,292.4828031322223
2018,biomass_forecast,1324,,339.10609827777785
2018,biomass_forecast,1323,,249.84227382333336
2018,biomass_forecast,1322,,434.35990801250006
2018,biomass_forecast,1321,,403.53096189083334
2018,biomass_forecast,1320,,329.9953594211112
2018,biomass_forecast,1319,,127.35265482694446
2018,biomass_forecast,1318,,36.375435960638896
2018,biomass_forecast,1317,,5.077024631305556
2018,biomass_forecast,1316,,0.6012127515833334
2018,biomass_forecast,1315,,4.174041297694445
2018,biomass_forecast,1314,,6.812557772305556
2018,biomass_forecast,1313,,5.046404917777779
2018,biomass_forecast,1312,,4.019681016694445
2018,biomass_forecast,1311,,1.125151710138889
2018,biomass_forecast,1310,,0.07068194744444445
2018,biomass_forecast,1309,,0.7073571540833334
2018,biomass_forecast,1308,,18.379579360833336
2018,biomass_forecast,1307,,28.81914048494445
2018,biomass_forecast,1306,,2.5122160055
2018,biomass_forecast,1305,,42.008220407500005
2018,biomass_forecast,1304,,37.214695929166666
2018,biomass_forecast,1303,,136.523939765
2018,biomass_forecast,1302,,276.5146035138889
2018,biomass_forecast,1301,,480.6841277972223
2018,biomass_forecast,1300,,129.4329823527778
2018,biomass_forecast,1299,,10.485007723944447
2018,biomass_forecast,1298,,17.81572768327778
2018,biomass_forecast,1297,,55.17737473527778
2018,biomass_forecast,1296,,102.1967177838889
2018,biomass_forecast,1295,,76.41809337555556
2018,biomass_forecast,1294,,26.710599949444447
2018,biomass_forecast,1293,,175.36959373333337
2018,biomass_forecast,1292,,141.9414255305556
2018,biomass_forecast,1291,,396.6209784583334
2018,biomass_forecast,1290,,392.47298684166674
2018,biomass_forecast,1289,,354.71306440555566
2018,biomass_forecast,1288,,429.30256651111114
2018,biomass_forecast,1287,,375.91153121388896
2018,biomass_forecast,1286,,267.79550680555553
2018,biomass_forecast,1285,,217.62137012500003
2018,biomass_forecast,1284,,184.82354142222223
2018,biomass_forecast,1283,,47.99028507805556
2018,biomass_forecast,1282,,87.22688823388889
2018,biomass_forecast,1281,,111.99045670416668
2018,biomass_forecast,1280,,103.54932233472223
2018,biomass_forecast,1279,,2.976670218805556
2018,biomass_forecast,1278,,43.70868545166667
2018,biomass_forecast,1277,,45.69990338
2018,biomass_forecast,1276,,122.45213467500001
2018,biomass_forecast,1275,,307.31118056111114
2018,biomass_forecast,1274,,397.63988367777785
2018,biomass_forecast,1273,,339.39549297222226
2018,biomass_forecast,1272,,308.69573975000003
2018,biomass_forecast,1271,,343.96905180000005
2018,biomass_forecast,1270,,217.87604119833335
2018,biomass_forecast,1269,,142.64229977722223
2018,biomass_forecast,1268,,303.3923123972222
2018,biomass_forecast,1267,,127.6615604725
2018,biomass_forecast,1266,,36.626510565000004
2018,biomass_forecast,1265,,168.34073989805557
2018,biomass_forecast,1264,,212.98215229611114
2018,biomass_forecast,1263,,336.2444224833334
2018,biomass_forecast,1262,,242.94043073444448
2018,biomass_forecast,1261,,270.10395749166673
2018,biomass_forecast,1260,,270.6521276869445
2018,biomass_forecast,1259,,269.5228467572222
2018,biomass_forecast,1258,,331.7324972133334
2018,biomass_forecast,1257,,301.48006482111117
2018,biomass_forecast,1256,,260.95320967000004
2018,biomass_forecast,1255,,309.03632269777785
2018,biomass_forecast,1254,,126.92899004083334
2018,biomass_forecast,1253,,65.6223429328889
2018,biomass_forecast,1252,,8.462713609861114
2018,biomass_forecast,1251,,0.7276172521388891
2018,biomass_forecast,1250,,1.5504834956944447
2018,biomass_forecast,1249,,0.17741851283333335
2018,biomass_forecast,1248,,3.1026219411111113
2018,biomass_forecast,1247,,2.5080312184722224
2018,biomass_forecast,1246,,5.0896864998055555
2018,biomass_forecast,1245,,20.753422367222225
2018,biomass_forecast,1244,,22.60442174916667
2018,biomass_forecast,1243,,20.05783857138889
2018,biomass_forecast,1242,,220.42022704722226
2018,biomass_forecast,1241,,223.14021173888892
2018,biomass_forecast,1240,,103.69619718805556
2018,biomass_forecast,1239,,74.39183351777778
2018,biomass_forecast,1238,,59.77812979000001
2018,biomass_forecast,1237,,165.38625589444445
2018,biomass_forecast,1236,,208.23605261111115
2018,biomass_forecast,1235,,281.3996573555556
2018,biomass_forecast,1234,,355.56022644722225
2018,biomass_forecast,1233,,179.32021500555558
2018,biomass_forecast,1232,,402.57322438333335
2018,biomass_forecast,1231,,285.26040817777783
2018,biomass_forecast,1230,,291.3210067638889
2018,biomass_forecast,1229,,291.54406653611113
2018,biomass_forecast,1228,,272.9362801416667
2018,biomass_forecast,1227,,215.9975564777778
2018,biomass_forecast,1226,,189.9671456916667
2018,biomass_forecast,1225,,261.8177820916667
2018,biomass_forecast,1224,,234.31392629444449
2018,biomass_forecast,1223,,189.04062865833333
2018,biomass_forecast,1222,,120.09748735277779
2018,biomass_forecast,1221,,28.5930949325
2018,biomass_forecast,1220,,15.794003248055555
2018,biomass_forecast,1219,,74.02884653083335
2018,biomass_forecast,1218,,52.47288041666666
2018,biomass_forecast,1217,,291.2120068916667
2018,biomass_forecast,1216,,333.82258141388894
2018,biomass_forecast,1215,,358.4983482361112
2018,biomass_forecast,1214,,356.7489471611112
2018,biomass_forecast,1213,,192.6742509377778
2018,biomass_forecast,1212,,259.40115992222223
2018,biomass_forecast,1211,,160.5049572005556
2018,biomass_forecast,1210,,184.29570260361112
2018,biomass_forecast,1209,,94.06384563694446
2018,biomass_forecast,1208,,42.63054974916667
2018,biomass_forecast,1207,,57.03400918916667
2018,biomass_forecast,1206,,198.9384392638889
2018,biomass_forecast,1205,,304.0171377305556
2018,biomass_forecast,1204,,426.2572297111111
2018,biomass_forecast,1203,,446.6451877888889
2018,biomass_forecast,1202,,399.1568374777778
2018,biomass_forecast,1201,,265.36109523000005
2018,biomass_forecast,1200,,220.82501433250005
2018,biomass_forecast,1199,,257.3770189375
2018,biomass_forecast,1198,,285.2066882600001
2018,biomass_forecast,1197,,301.0720620475
2018,biomass_forecast,1196,,196.8853786263889
2018,biomass_forecast,1195,,23.89915939083334
2018,biomass_forecast,1194,,8.207859092944446
2018,biomass_forecast,1193,,0.5656185690277777
2018,biomass_forecast,1192,,0.2686241531388889
2018,biomass_forecast,1191,,2.981622457583334
2018,biomass_forecast,1190,,4.739319496777778
2018,biomass_forecast,1189,,21.896826001111112
2018,biomass_forecast,1188,,20.1788006075
2018,biomass_forecast,1187,,27.259232998611115
2018,biomass_forecast,1186,,145.5152252861111
2018,biomass_forecast,1185,,109.45216474583334
2018,biomass_forecast,1184,,110.77706971555557
2018,biomass_forecast,1183,,125.6019085977778
2018,biomass_forecast,1182,,85.5681272111111
2018,biomass_forecast,1181,,144.48985946555558
2018,biomass_forecast,1180,,309.3370280777778
2018,biomass_forecast,1179,,413.4315253305556
2018,biomass_forecast,1178,,231.88352076388892
2018,biomass_forecast,1177,,307.70948453055564
2018,biomass_forecast,1176,,315.9338217805556
2018,biomass_forecast,1175,,135.48171763055558
2018,biomass_forecast,1174,,230.0118090388889
2018,biomass_forecast,1173,,319.105550975
2018,biomass_forecast,1172,,285.3046188416667
2018,biomass_forecast,1171,,172.5303128527778
2018,biomass_forecast,1170,,239.62241955277779
2018,biomass_forecast,1169,,239.39191056111113
2018,biomass_forecast,1168,,224.2481062166667
2018,biomass_forecast,1167,,171.36606385833335
2018,biomass_forecast,1166,,150.0589425722222
2018,biomass_forecast,1165,,99.50169435777778
2018,biomass_forecast,1164,,62.57412545000001
2018,biomass_forecast,1163,,197.36807591000002
2018,biomass_forecast,1162,,135.0820886802778
2018,biomass_forecast,1161,,249.66958913611117
2018,biomass_forecast,1160,,189.63255373305557
2018,biomass_forecast,1159,,262.28232830277784
2018,biomass_forecast,1158,,213.68464302222222
2018,biomass_forecast,1157,,155.77212863361112
2018,biomass_forecast,1156,,176.45440525250004
2018,biomass_forecast,1155,,201.18884444944445
2018,biomass_forecast,1154,,144.490193485
2018,biomass_forecast,1153,,145.25018691694447
2018,biomass_forecast,1152,,160.5050080527778
2018,biomass_forecast,1151,,225.91100775833337
2018,biomass_forecast,1150,,173.95314407222224
2018,biomass_forecast,1149,,359.5341550833334
2018,biomass_forecast,1148,,455.2340799777778
2018,biomass_forecast,1147,,651.8281521194446
2018,biomass_forecast,1146,,472.4727702555556
2018,biomass_forecast,1145,,284.3223931975
2018,biomass_forecast,1144,,174.5478205166667
2018,biomass_forecast,1143,,338.04939819583336
2018,biomass_forecast,1142,,386.78521389583335
2018,biomass_forecast,1141,,176.08608171666668
2018,biomass_forecast,1140,,17.61486028855556
2018,biomass_forecast,1139,,0.02037772655555556
2018,biomass_forecast,1138,,1.7849935359444444
2018,biomass_forecast,1137,,7.0418789255
2018,biomass_forecast,1136,,8.409701996611112
2018,biomass_forecast,1135,,15.301467843888888
2018,biomass_forecast,1134,,26.69988404444445
2018,biomass_forecast,1133,,22.21612734277778
2018,biomass_forecast,1132,,29.011768181944447
2018,biomass_forecast,1131,,96.33936882055556
2018,biomass_forecast,1130,,66.39714749750001
2018,biomass_forecast,1129,,72.21789783916668
2018,biomass_forecast,1128,,107.05322793916667
2018,biomass_forecast,1127,,135.31214903388891
2018,biomass_forecast,1126,,139.45826912222222
2018,biomass_forecast,1125,,228.29198794444446
2018,biomass_forecast,1124,,160.37399188333336
2018,biomass_forecast,1123,,230.89676410833334
2018,biomass_forecast,1122,,405.15452998611124
2018,biomass_forecast,1121,,281.05008697777777
2018,biomass_forecast,1120,,194.1020609666667
2018,biomass_forecast,1119,,156.95501094444447
2018,biomass_forecast,1118,,218.6136283916667
2018,biomass_forecast,1117,,220.89168716944448
2018,biomass_forecast,1116,,173.1252733888889
2018,biomass_forecast,1115,,175.10187277777777
2018,biomass_forecast,1114,,277.87027529166664
2018,biomass_forecast,1113,,243.50653373611112
2018,biomass_forecast,1112,,182.77188068611116
2018,biomass_forecast,1111,,135.10466743611113
2018,biomass_forecast,1110,,68.76732402611111
2018,biomass_forecast,1109,,54.91604868722223
2018,biomass_forecast,1108,,352.2389166055556
2018,biomass_forecast,1107,,211.2962455791667
2018,biomass_forecast,1106,,139.956110945
2018,biomass_forecast,1105,,71.5744350225
2018,biomass_forecast,1104,,255.45053460277782
2018,biomass_forecast,1103,,297.3129225888889
2018,biomass_forecast,1102,,142.46334268611113
2018,biomass_forecast,1101,,179.65116371444444
2018,biomass_forecast,1100,,320.1036355861111
2018,biomass_forecast,1099,,181.1255258016667
2018,biomass_forecast,1098,,220.60288662500005
2018,biomass_forecast,1097,,175.65109529722224
2018,biomass_forecast,1096,,212.73765435833334
2018,biomass_forecast,1095,,173.161502625
2018,biomass_forecast,1094,,459.9793599222223
2018,biomass_forecast,1093,,472.6054611333334
2018,biomass_forecast,1092,,425.16202291666673
2018,biomass_forecast,1091,,310.17014819444444
2018,biomass_forecast,1090,,458.25789050611115
2018,biomass_forecast,1089,,230.41690805750002
2018,biomass_forecast,1088,,258.24998676222225
2018,biomass_forecast,1087,,176.61144796694447
2018,biomass_forecast,1086,,17.862354941305558
2018,biomass_forecast,1085,,1.3718436145833335
2018,biomass_forecast,1084,,5.934884971944445
2018,biomass_forecast,1083,,10.405821073000002
2018,biomass_forecast,1082,,18.88361941333334
2018,biomass_forecast,1081,,15.51161842888889
2018,biomass_forecast,1080,,17.31648452888889
2018,biomass_forecast,1079,,15.900285667500002
2018,biomass_forecast,1078,,26.633775551944446
2018,biomass_forecast,1077,,86.56115934555555
2018,biomass_forecast,1076,,55.12232134111112
2018,biomass_forecast,1075,,50.49925867861111
2018,biomass_forecast,1074,,79.89444934194445
2018,biomass_forecast,1073,,128.45610471
2018,biomass_forecast,1072,,160.3488184611111
2018,biomass_forecast,1071,,346.84704504166666
2018,biomass_forecast,1070,,180.55742942500004
2018,biomass_forecast,1069,,158.29398896666666
2018,biomass_forecast,1068,,187.27481036666669
2018,biomass_forecast,1067,,188.66058604444441
2018,biomass_forecast,1066,,176.00460602777778
2018,biomass_forecast,1065,,154.804548275
2018,biomass_forecast,1064,,175.23295444444446
2018,biomass_forecast,1063,,173.2078990861111
2018,biomass_forecast,1062,,152.93043200000002
2018,biomass_forecast,1061,,147.19559266944447
2018,biomass_forecast,1060,,205.77441109444447
2018,biomass_forecast,1059,,222.59922875
2018,biomass_forecast,1058,,123.2280627388889
2018,biomass_forecast,1057,,152.64021218333335
2018,biomass_forecast,1056,,111.4538932263889
2018,biomass_forecast,1055,,19.822147952222224
2018,biomass_forecast,1054,,186.12525684333335
2018,biomass_forecast,1053,,282.1535731444445
2018,biomass_forecast,1052,,149.23871378361113
2018,biomass_forecast,1051,,338.03475358055556
2018,biomass_forecast,1050,,158.2303646941667
2018,biomass_forecast,1049,,224.8875912527778
2018,biomass_forecast,1048,,139.27968153444448
2018,biomass_forecast,1047,,156.74920821833334
2018,biomass_forecast,1046,,151.00575150305556
2018,biomass_forecast,1045,,134.57284366000002
2018,biomass_forecast,1044,,106.11382866805556
2018,biomass_forecast,1043,,110.34111320111111
2018,biomass_forecast,1042,,174.14972157222226
2018,biomass_forecast,1041,,75.42775768805558
2018,biomass_forecast,1040,,278.2492311222222
2018,biomass_forecast,1039,,464.7834684444445
2018,biomass_forecast,1038,,373.19501028611114
2018,biomass_forecast,1037,,295.06786176111115
2018,biomass_forecast,1036,,374.5789005533334
2018,biomass_forecast,1035,,265.9156657366667
2018,biomass_forecast,1034,,44.967841626583336
2018,biomass_forecast,1033,,24.87344886141667
2018,biomass_forecast,1032,,0.07028621680555555
2018,biomass_forecast,1031,,0.006966544027777778
2018,biomass_forecast,1030,,7.719244771472224
2018,biomass_forecast,1029,,14.355750507500002
2018,biomass_forecast,1028,,13.396215889166667
2018,biomass_forecast,1027,,5.908622000000001
2018,biomass_forecast,1026,,9.901112740527779
2018,biomass_forecast,1025,,20.357062685000006
2018,biomass_forecast,1024,,30.282682102222225
2018,biomass_forecast,1023,,34.20121775666667
2018,biomass_forecast,1022,,71.75437026638889
2018,biomass_forecast,1021,,73.64905103000001
2018,biomass_forecast,1020,,104.31227303722224
2018,biomass_forecast,1019,,50.491847357500006
2018,biomass_forecast,1018,,97.56259323972223
2018,biomass_forecast,1017,,78.31588776916668
2018,biomass_forecast,1016,,176.32531569444447
2018,biomass_forecast,1015,,181.76278094722224
2018,biomass_forecast,1014,,184.67011008888892
2018,biomass_forecast,1013,,204.11146331944443
2018,biomass_forecast,1012,,164.56220733611116
2018,biomass_forecast,1011,,207.83640288333334
2018,biomass_forecast,1010,,213.45184282777782
2018,biomass_forecast,1009,,166.74385409722225
2018,biomass_forecast,1008,,145.4728249638889
2018,biomass_forecast,1007,,151.3453867
2018,biomass_forecast,1006,,153.08342636944448
2018,biomass_forecast,1005,,205.628349725
2018,biomass_forecast,1004,,200.38473382222224
2018,biomass_forecast,1003,,263.30188794444445
2018,biomass_forecast,1002,,298.4668049277778
2018,biomass_forecast,1001,,242.79676013611112
2018,biomass_forecast,1000,,42.28263463055556
2018,biomass_forecast,999,,212.60815663472223
2018,biomass_forecast,998,,320.9545059000001
2018,biomass_forecast,997,,121.1200131236111
2018,biomass_forecast,996,,266.6246183388889
2018,biomass_forecast,995,,197.9444211233333
2018,biomass_forecast,994,,172.36132452666666
2018,biomass_forecast,993,,169.2212238452778
2018,biomass_forecast,992,,189.16463237250002
2018,biomass_forecast,991,,310.22078282222225
2018,biomass_forecast,990,,207.25445089722223
2018,biomass_forecast,989,,110.49596022944445
2018,biomass_forecast,988,,222.81821951111112
2018,biomass_forecast,987,,213.55251780555562
2018,biomass_forecast,986,,80.8165409311111
2018,biomass_forecast,985,,99.89876048111111
2018,biomass_forecast,984,,389.25773112222225
2018,biomass_forecast,983,,582.8428166833334
2018,biomass_forecast,982,,368.2058287583334
2018,biomass_forecast,981,,412.8720143616667
2018,biomass_forecast,980,,155.98255216444446
2018,biomass_forecast,979,,3.501823523166667
2018,biomass_forecast,978,,0.016797861972222224
2018,biomass_forecast,977,,7.069541182805556
2018,biomass_forecast,976,,21.851838986666667
2018,biomass_forecast,975,,16.10315534916667
2018,biomass_forecast,974,,32.414650281666674
2018,biomass_forecast,973,,71.8342280938889
2018,biomass_forecast,972,,26.97570387416667
2018,biomass_forecast,971,,18.921075688055556
2018,biomass_forecast,970,,5.681431604805556
2018,biomass_forecast,969,,0.03288855466666667
2018,biomass_forecast,968,,6.520582728833333
2018,biomass_forecast,967,,6.117508848583333
2018,biomass_forecast,966,,8.424704366416668
2018,biomass_forecast,965,,1.5295738312500002
2018,biomass_forecast,964,,4.669603308111111
2018,biomass_forecast,963,,10.823275643944445
2018,biomass_forecast,962,,22.702104994722223
2018,biomass_forecast,961,,34.94576946972223
2018,biomass_forecast,960,,79.20474687611113
2018,biomass_forecast,959,,71.19890329638889
2018,biomass_forecast,958,,78.2904231763889
2018,biomass_forecast,957,,58.08729510861111
2018,biomass_forecast,956,,80.14572449833334
2018,biomass_forecast,955,,102.0365270025
2018,biomass_forecast,954,,159.42089695555558
2018,biomass_forecast,953,,178.43779795277777
2018,biomass_forecast,952,,179.73095405833337
2018,biomass_forecast,951,,180.86928134166672
2018,biomass_forecast,950,,155.38805706666668
2018,biomass_forecast,949,,238.03631422222225
2018,biomass_forecast,948,,161.70231268611113
2018,biomass_forecast,947,,177.6395056166667
2018,biomass_forecast,946,,187.13901521111111
2018,biomass_forecast,945,,181.08657836666669
2018,biomass_forecast,944,,152.33383051944446
2018,biomass_forecast,943,,154.88517253333336
2018,biomass_forecast,942,,259.3554819083334
2018,biomass_forecast,941,,242.35221736666668
2018,biomass_forecast,940,,244.0646213805556
2018,biomass_forecast,939,,273.6945139527778
2018,biomass_forecast,938,,148.90643605833336
2018,biomass_forecast,937,,84.3045994425
2018,biomass_forecast,936,,153.36442904972225
2018,biomass_forecast,935,,159.17934651500002
2018,biomass_forecast,934,,317.3043378111111
2018,biomass_forecast,933,,127.5245829552778
2018,biomass_forecast,932,,339.1631779166667
2018,biomass_forecast,931,,260.34294445833336
2018,biomass_forecast,930,,387.58849377222225
2018,biomass_forecast,929,,508.04321668888895
2018,biomass_forecast,928,,193.69596820555563
2018,biomass_forecast,927,,194.35923471111113
2018,biomass_forecast,926,,197.22583835000003
2018,biomass_forecast,925,,166.12562730833338
2018,biomass_forecast,924,,440.4522154055556
2018,biomass_forecast,923,,494.83020529444445
2018,biomass_forecast,922,,703.7856885916667
2018,biomass_forecast,921,,772.2972200305556
2018,biomass_forecast,920,,549.7469940416667
2018,biomass_forecast,919,,139.98268041722224
2018,biomass_forecast,918,,9.690541687805554
2018,biomass_forecast,917,,0.6640981880000001
2018,biomass_forecast,916,,4.379822052305556
2018,biomass_forecast,915,,0.1303417876388889
2018,biomass_forecast,914,,0.7011992679166668
2018,biomass_forecast,913,,35.45727963111111
2018,biomass_forecast,912,,35.1713198013889
2018,biomass_forecast,911,,47.75349532333333
2018,biomass_forecast,910,,83.66927009361112
2018,biomass_forecast,909,,180.9888992277778
2018,biomass_forecast,908,,182.00177086944444
2018,biomass_forecast,907,,125.06248325555555
2018,biomass_forecast,906,,67.16355079527779
2018,biomass_forecast,905,,11.343184292722222
2018,biomass_forecast,904,,0.015244233500000003
2018,biomass_forecast,903,,1.0149072630833333
2018,biomass_forecast,902,,4.470897297083334
2018,biomass_forecast,901,,3.6449884442222227
2018,biomass_forecast,900,,0.5646522782500001
2018,biomass_forecast,899,,8.212411562472223
2018,biomass_forecast,898,,67.19537915250001
2018,biomass_forecast,897,,74.33729945222223
2018,biomass_forecast,896,,89.93602539916668
2018,biomass_forecast,895,,85.28484672333333
2018,biomass_forecast,894,,89.13856378694445
2018,biomass_forecast,893,,97.48812930472222
2018,biomass_forecast,892,,114.74905902972225
2018,biomass_forecast,891,,115.20372201583334
2018,biomass_forecast,890,,193.90361065000002
2018,biomass_forecast,889,,208.81334686666668
2018,biomass_forecast,888,,159.1387708305556
2018,biomass_forecast,887,,140.6517609638889
2018,biomass_forecast,886,,176.28243635833334
2018,biomass_forecast,885,,178.0266728
2018,biomass_forecast,884,,213.73059168611113
2018,biomass_forecast,883,,159.57814574444447
2018,biomass_forecast,882,,39.85764800027778
2018,biomass_forecast,881,,44.84414492750001
2018,biomass_forecast,880,,133.2364188388889
2018,biomass_forecast,879,,230.9601024861111
2018,biomass_forecast,878,,186.98353491111115
2018,biomass_forecast,877,,262.05852889722223
2018,biomass_forecast,876,,278.8815345861112
2018,biomass_forecast,875,,236.6380089666667
2018,biomass_forecast,874,,165.60448391583336
2018,biomass_forecast,873,,45.426446331666675
2018,biomass_forecast,872,,114.23160955083335
2018,biomass_forecast,871,,250.3103883472222
2018,biomass_forecast,870,,166.0641123402778
2018,biomass_forecast,869,,282.82960084722225
2018,biomass_forecast,868,,187.9049299094445
2018,biomass_forecast,867,,213.88017971666667
2018,biomass_forecast,866,,373.2458377583334
2018,biomass_forecast,865,,222.67793526944448
2018,biomass_forecast,864,,412.8485802527778
2018,biomass_forecast,863,,430.94669341111114
2018,biomass_forecast,862,,625.4575102083332
2018,biomass_forecast,861,,543.5036383694446
2018,biomass_forecast,860,,496.9632347916667
2018,biomass_forecast,859,,572.5883204333335
2018,biomass_forecast,858,,782.8435126166668
2018,biomass_forecast,857,,426.8277316694445
2018,biomass_forecast,856,,11.248942138888891
2018,biomass_forecast,855,,3.2981370722500003
2018,biomass_forecast,854,,47.1784957775
2018,biomass_forecast,853,,1.7166917422500003
2018,biomass_forecast,852,,1.4010726660833333
2018,biomass_forecast,851,,13.473188188277778
2018,biomass_forecast,850,,2.241705440888889
2018,biomass_forecast,849,,6.05733051563889
2018,biomass_forecast,848,,18.361961231444447
2018,biomass_forecast,847,,23.102962653055556
2018,biomass_forecast,846,,58.74572006611111
2018,biomass_forecast,845,,35.886827627777784
2018,biomass_forecast,844,,58.03928115500001
2018,biomass_forecast,843,,18.092859163833335
2018,biomass_forecast,842,,14.332965148861113
2018,biomass_forecast,841,,39.322922123611114
2018,biomass_forecast,840,,2.088093751138889
2018,biomass_forecast,839,,0.01973685366666667
2018,biomass_forecast,838,,6.776830037333333
2018,biomass_forecast,837,,14.335464531333335
2018,biomass_forecast,836,,6.88760936263889
2018,biomass_forecast,835,,11.834069172361112
2018,biomass_forecast,834,,23.849556921388892
2018,biomass_forecast,833,,74.5612857513889
2018,biomass_forecast,832,,27.24748521111111
2018,biomass_forecast,831,,18.64461480166667
2018,biomass_forecast,830,,60.173624674166675
2018,biomass_forecast,829,,91.24101723194445
2018,biomass_forecast,828,,93.74584643222222
2018,biomass_forecast,827,,76.4536967813889
2018,biomass_forecast,826,,76.93131065583334
2018,biomass_forecast,825,,154.9452910916667
2018,biomass_forecast,824,,209.02893319722224
2018,biomass_forecast,823,,161.19931899638894
2018,biomass_forecast,822,,146.35609054722224
2018,biomass_forecast,821,,114.51726765611113
2018,biomass_forecast,820,,130.27615695222224
2018,biomass_forecast,819,,166.8685349361111
2018,biomass_forecast,818,,93.7786986013889
2018,biomass_forecast,817,,1.458690328777778
2018,biomass_forecast,816,,15.750261200555556
2018,biomass_forecast,815,,104.45325107694447
2018,biomass_forecast,814,,171.05937366111115
2018,biomass_forecast,813,,178.07563314722222
2018,biomass_forecast,812,,238.26747341944446
2018,biomass_forecast,811,,244.99547491944446
2018,biomass_forecast,810,,275.89851168333337
2018,biomass_forecast,809,,189.78102895
2018,biomass_forecast,808,,94.2145357088889
2018,biomass_forecast,807,,130.4676761630556
2018,biomass_forecast,806,,66.44107680944444
2018,biomass_forecast,805,,114.8020636113889
2018,biomass_forecast,804,,282.7463052555556
2018,biomass_forecast,803,,330.1151089027778
2018,biomass_forecast,802,,149.40935325777778
2018,biomass_forecast,801,,249.38989132222224
2018,biomass_forecast,800,,380.36668353333334
2018,biomass_forecast,799,,430.3243705083334
2018,biomass_forecast,798,,402.02311963333335
2018,biomass_forecast,797,,460.91075985277786
2018,biomass_forecast,796,,597.702772338889
2018,biomass_forecast,795,,345.84115216944446
2018,biomass_forecast,794,,476.93687945000005
2018,biomass_forecast,793,,690.5564329583334
2018,biomass_forecast,792,,187.72899458055556
2018,biomass_forecast,791,,0.7510743463888889
2018,biomass_forecast,790,,4.134875860638889
2018,biomass_forecast,789,,21.358405933277783
2018,biomass_forecast,788,,24.644273625555556
2018,biomass_forecast,787,,7.626835306027778
2018,biomass_forecast,786,,11.528540227555556
2018,biomass_forecast,785,,10.02743375588889
2018,biomass_forecast,784,,13.474290264000002
2018,biomass_forecast,783,,3.3889524472500003
2018,biomass_forecast,782,,12.8483943015
2018,biomass_forecast,781,,34.12554491833333
2018,biomass_forecast,780,,16.521452717861116
2018,biomass_forecast,779,,8.740018725944445
2018,biomass_forecast,778,,32.721209738000006
2018,biomass_forecast,777,,17.295065377138894
2018,biomass_forecast,776,,51.596619922777776
2018,biomass_forecast,775,,64.36648930222223
2018,biomass_forecast,774,,3.3155300816111115
2018,biomass_forecast,773,,0.0056479676111111125
2018,biomass_forecast,772,,10.856004502583335
2018,biomass_forecast,771,,22.163525314444446
2018,biomass_forecast,770,,12.467008723083334
2018,biomass_forecast,769,,42.44267887694445
2018,biomass_forecast,768,,70.06998262416668
2018,biomass_forecast,767,,49.127608828611116
2018,biomass_forecast,766,,54.76306544416667
2018,biomass_forecast,765,,67.65978008083334
2018,biomass_forecast,764,,87.06449402916667
2018,biomass_forecast,763,,80.23701202388888
2018,biomass_forecast,762,,69.4226751325
2018,biomass_forecast,761,,64.79698456555556
2018,biomass_forecast,760,,142.75018181666667
2018,biomass_forecast,759,,149.55006558888888
2018,biomass_forecast,758,,137.07982040833335
2018,biomass_forecast,757,,155.72812843805556
2018,biomass_forecast,756,,101.21503279000001
2018,biomass_forecast,755,,171.0659692555556
2018,biomass_forecast,754,,188.1519126777778
2018,biomass_forecast,753,,147.5425995805556
2018,biomass_forecast,752,,97.4343744902778
2018,biomass_forecast,751,,54.009022606111124
2018,biomass_forecast,750,,60.702522808055555
2018,biomass_forecast,749,,132.1717701
2018,biomass_forecast,748,,162.38488301666666
2018,biomass_forecast,747,,167.45399051666666
2018,biomass_forecast,746,,124.79510432777778
2018,biomass_forecast,745,,186.89087463888893
2018,biomass_forecast,744,,233.52695635833334
2018,biomass_forecast,743,,236.05590524444446
2018,biomass_forecast,742,,278.02535415555553
2018,biomass_forecast,741,,164.37134828472225
2018,biomass_forecast,740,,25.47212979638889
2018,biomass_forecast,739,,33.999654875555564
2018,biomass_forecast,738,,106.79579618500001
2018,biomass_forecast,737,,163.81208652305554
2018,biomass_forecast,736,,112.05980872138889
2018,biomass_forecast,735,,257.44103963055557
2018,biomass_forecast,734,,199.69667096388892
2018,biomass_forecast,733,,278.7337655055556
2018,biomass_forecast,732,,235.480831125
2018,biomass_forecast,731,,163.16182329166668
2018,biomass_forecast,730,,155.8804472138889
2018,biomass_forecast,729,,71.37714460277778
2018,biomass_forecast,728,,122.54761249111112
2018,biomass_forecast,727,,84.63432937361112
2018,biomass_forecast,726,,3.5563383499166674
2018,biomass_forecast,725,,1.2310932902222222
2018,biomass_forecast,724,,0.11980415527777778
2018,biomass_forecast,723,,0.0128427755
2018,biomass_forecast,722,,5.610057175972223
2018,biomass_forecast,721,,17.67830578527778
2018,biomass_forecast,720,,60.28965791472223
2018,biomass_forecast,719,,19.883005776111112
2018,biomass_forecast,718,,5.224310212555555
2018,biomass_forecast,717,,11.896960550222223
2018,biomass_forecast,716,,14.798475133361112
2018,biomass_forecast,715,,17.381501688222226
2018,biomass_forecast,714,,1.1130820827222223
2018,biomass_forecast,713,,13.869425998111112
2018,biomass_forecast,712,,67.50239986583334
2018,biomass_forecast,711,,28.14155289805556
2018,biomass_forecast,710,,14.471856077666668
2018,biomass_forecast,709,,28.686135983333333
2018,biomass_forecast,708,,40.75274435666667
2018,biomass_forecast,707,,37.93787654333334
2018,biomass_forecast,706,,58.2873671838889
2018,biomass_forecast,705,,42.76455911222223
2018,biomass_forecast,704,,1.2743027807222223
2018,biomass_forecast,703,,0.6983308219444445
2018,biomass_forecast,702,,0.8135662792500001
2018,biomass_forecast,701,,9.567935639527779
2018,biomass_forecast,700,,41.40096934611112
2018,biomass_forecast,699,,61.972147517777785
2018,biomass_forecast,698,,42.67842552472223
2018,biomass_forecast,697,,101.80346319527779
2018,biomass_forecast,696,,89.88504450972222
2018,biomass_forecast,695,,90.09127744944445
2018,biomass_forecast,694,,47.495789843055555
2018,biomass_forecast,693,,61.29167726388889
2018,biomass_forecast,692,,72.22481113027779
2018,biomass_forecast,691,,222.84836113611112
2018,biomass_forecast,690,,212.45069716944445
2018,biomass_forecast,689,,156.49917052499998
2018,biomass_forecast,688,,188.16388828611113
2018,biomass_forecast,687,,153.9901519527778
2018,biomass_forecast,686,,189.12599096944447
2018,biomass_forecast,685,,169.08872178333337
2018,biomass_forecast,684,,174.7836880111111
2018,biomass_forecast,683,,91.10733412444446
2018,biomass_forecast,682,,116.27093781111112
2018,biomass_forecast,681,,142.00189931000003
2018,biomass_forecast,680,,121.16470230833335
2018,biomass_forecast,679,,173.26743485833336
2018,biomass_forecast,678,,159.0491623138889
2018,biomass_forecast,677,,153.96727499722223
2018,biomass_forecast,676,,181.513872775
2018,biomass_forecast,675,,269.6053089333334
2018,biomass_forecast,674,,270.24649385555557
2018,biomass_forecast,673,,357.22547361388894
2018,biomass_forecast,672,,295.52734246666677
2018,biomass_forecast,671,,131.69689581805557
2018,biomass_forecast,670,,13.264496896944447
2018,biomass_forecast,669,,0.4624129115555556
2018,biomass_forecast,668,,8.861543761777778
2018,biomass_forecast,667,,2.9579983917500003
2018,biomass_forecast,666,,17.76516607138889
2018,biomass_forecast,665,,18.485852530833338
2018,biomass_forecast,664,,12.426289772444447
2018,biomass_forecast,663,,1.0591003480833334
2018,biomass_forecast,662,,1.5035892692222221
2018,biomass_forecast,661,,1.1870355374166668
2018,biomass_forecast,660,,21.015636073333336
2018,biomass_forecast,659,,126.83992215500002
2018,biomass_forecast,658,,55.994620536388894
2018,biomass_forecast,657,,0.2912024411666667
2018,biomass_forecast,656,,20.326739312222223
2018,biomass_forecast,655,,21.693619145777777
2018,biomass_forecast,654,,17.771699561944448
2018,biomass_forecast,653,,79.13856220277778
2018,biomass_forecast,652,,83.48126040444446
2018,biomass_forecast,651,,64.94864092861113
2018,biomass_forecast,650,,27.570363282500004
2018,biomass_forecast,649,,25.162304666222227
2018,biomass_forecast,648,,16.11072018455556
2018,biomass_forecast,647,,59.69215318916668
2018,biomass_forecast,646,,7.530292299416667
2018,biomass_forecast,645,,33.27064190972222
2018,biomass_forecast,644,,28.70202686972223
2018,biomass_forecast,643,,8.515844053416666
2018,biomass_forecast,642,,23.228711829750004
2018,biomass_forecast,641,,18.238788790694446
2018,biomass_forecast,640,,33.72176297555556
2018,biomass_forecast,639,,34.02940522222222
2018,biomass_forecast,638,,9.108140190527779
2018,biomass_forecast,637,,78.15762466666668
2018,biomass_forecast,636,,19.251012218055557
2018,biomass_forecast,635,,4.028197579916666
2018,biomass_forecast,634,,20.83022594416667
2018,biomass_forecast,633,,18.90065675277778
2018,biomass_forecast,632,,10.947559862222223
2018,biomass_forecast,631,,33.855929214999996
2018,biomass_forecast,630,,53.36242092861112
2018,biomass_forecast,629,,94.08237584138891
2018,biomass_forecast,628,,104.52329846666667
2018,biomass_forecast,627,,102.07437811916667
2018,biomass_forecast,626,,54.803569154722226
2018,biomass_forecast,625,,192.39272604444446
2018,biomass_forecast,624,,187.3164308277778
2018,biomass_forecast,623,,186.30670419722225
2018,biomass_forecast,622,,210.8785506416667
2018,biomass_forecast,621,,162.1772147388889
2018,biomass_forecast,620,,199.01256093888892
2018,biomass_forecast,619,,164.12396958333332
2018,biomass_forecast,618,,217.9456350638889
2018,biomass_forecast,617,,161.6072014861111
2018,biomass_forecast,616,,228.43609025000003
2018,biomass_forecast,615,,215.15040208611111
2018,biomass_forecast,614,,157.49511379444448
2018,biomass_forecast,613,,134.3605168777778
2018,biomass_forecast,612,,172.275970025
2018,biomass_forecast,611,,212.93509548611112
2018,biomass_forecast,610,,180.7877426305556
2018,biomass_forecast,609,,204.7177810694445
2018,biomass_forecast,608,,212.1229188833334
2018,biomass_forecast,607,,320.70598561111115
2018,biomass_forecast,606,,474.94906276388895
2018,biomass_forecast,605,,253.94803257777778
2018,biomass_forecast,604,,79.95626735666669
2018,biomass_forecast,603,,0.39829270194444455
2018,biomass_forecast,602,,0.007789428500000001
2018,biomass_forecast,601,,11.717919019638888
2018,biomass_forecast,600,,68.61975108361113
2018,biomass_forecast,599,,13.278361520111114
2018,biomass_forecast,598,,85.38801034861113
2018,biomass_forecast,597,,211.4393179
2018,biomass_forecast,596,,182.06099275833333
2018,biomass_forecast,595,,44.376037387777785
2018,biomass_forecast,594,,75.61319361305557
2018,biomass_forecast,593,,115.34327168666667
2018,biomass_forecast,592,,62.98130872444445
2018,biomass_forecast,591,,74.29410733250002
2018,biomass_forecast,590,,90.17215029833335
2018,biomass_forecast,589,,73.20856194888889
2018,biomass_forecast,588,,28.479354171333338
2018,biomass_forecast,587,,46.96395757527779
2018,biomass_forecast,586,,3.868270082583334
2018,biomass_forecast,585,,2.6274842950833333
2018,biomass_forecast,584,,0.2576118221388889
2018,biomass_forecast,583,,10.618488840833335
2018,biomass_forecast,582,,8.63328589288889
2018,biomass_forecast,581,,6.179556554222222
2018,biomass_forecast,580,,7.476533700333334
2018,biomass_forecast,579,,15.623635478055558
2018,biomass_forecast,578,,36.39173555305556
2018,biomass_forecast,577,,4.547492595972223
2018,biomass_forecast,576,,4.131021029277779
2018,biomass_forecast,575,,10.566407759055558
2018,biomass_forecast,574,,6.304386490472222
2018,biomass_forecast,573,,1.4391387005833336
2018,biomass_forecast,572,,5.0274529057777775
2018,biomass_forecast,571,,14.728931373055556
2018,biomass_forecast,570,,27.546417818333335
2018,biomass_forecast,569,,93.84120474833334
2018,biomass_forecast,568,,189.14019438333335
2018,biomass_forecast,567,,146.30776023055557
2018,biomass_forecast,566,,127.35206072500003
2018,biomass_forecast,565,,204.23883097222227
2018,biomass_forecast,564,,182.85507542500002
2018,biomass_forecast,563,,168.07166840555556
2018,biomass_forecast,562,,274.12371485833336
2018,biomass_forecast,561,,241.33522244722226
2018,biomass_forecast,560,,260.780777375
2018,biomass_forecast,559,,234.71471742222224
2018,biomass_forecast,558,,191.49751450833335
2018,biomass_forecast,557,,166.55049600833334
2018,biomass_forecast,556,,206.70527012500006
2018,biomass_forecast,555,,268.1611607777778
2018,biomass_forecast,554,,258.64327494722227
2018,biomass_forecast,553,,201.2886619555556
2018,biomass_forecast,552,,198.5257526
2018,biomass_forecast,551,,227.70605470277778
2018,biomass_forecast,550,,206.57224231388892
2018,biomass_forecast,549,,189.7544263388889
2018,biomass_forecast,548,,221.40202541388894
2018,biomass_forecast,547,,402.4273478250001
2018,biomass_forecast,546,,400.0378845972223
2018,biomass_forecast,545,,231.5461271083334
2018,biomass_forecast,544,,227.7761543888889
2018,biomass_forecast,543,,16.327329133944446
2018,biomass_forecast,542,,0.11603290519444444
2018,biomass_forecast,541,,24.075064023
2018,biomass_forecast,540,,27.764423954444446
2018,biomass_forecast,539,,2.141494561333334
2018,biomass_forecast,538,,12.263684458250003
2018,biomass_forecast,537,,59.212496863611115
2018,biomass_forecast,536,,82.34467379305555
2018,biomass_forecast,535,,40.49291314027778
2018,biomass_forecast,534,,32.801171090277776
2018,biomass_forecast,533,,108.94089103555557
2018,biomass_forecast,532,,30.658750321111107
2018,biomass_forecast,531,,18.408278969250002
2018,biomass_forecast,530,,19.028847272333337
2018,biomass_forecast,529,,47.852708390000004
2018,biomass_forecast,528,,3.1001222531111114
2018,biomass_forecast,527,,43.95435608722222
2018,biomass_forecast,526,,32.42044289777778
2018,biomass_forecast,525,,2.6027439551666665
2018,biomass_forecast,524,,0.19598736925000002
2018,biomass_forecast,523,,0.0005584109166666667
2018,biomass_forecast,522,,0.5399957639166667
2018,biomass_forecast,521,,9.097119801527779
2018,biomass_forecast,520,,19.69503643616667
2018,biomass_forecast,519,,19.768494766055557
2018,biomass_forecast,518,,7.503342565138889
2018,biomass_forecast,517,,0.09919303497222223
2018,biomass_forecast,516,,7.248737936444446
2018,biomass_forecast,515,,3.4376352165000013
2018,biomass_forecast,514,,1.3873647449444446
2018,biomass_forecast,513,,0.07561623877777779
2018,biomass_forecast,512,,1.7974287935833335
2018,biomass_forecast,511,,12.71916444888889
2018,biomass_forecast,510,,19.719198543333338
2018,biomass_forecast,509,,117.08708359500001
2018,biomass_forecast,508,,150.4996316666667
2018,biomass_forecast,507,,121.2388040666667
2018,biomass_forecast,506,,118.23699525861112
2018,biomass_forecast,505,,95.86460579055556
2018,biomass_forecast,504,,156.02959356666668
2018,biomass_forecast,503,,194.20121001944446
2018,biomass_forecast,502,,264.5484936972223
2018,biomass_forecast,501,,290.36663055
2018,biomass_forecast,500,,229.0950792
2018,biomass_forecast,499,,175.30668216666666
2018,biomass_forecast,498,,145.07086966833336
2018,biomass_forecast,497,,218.68308128888893
2018,biomass_forecast,496,,228.1249118277778
2018,biomass_forecast,495,,274.1510289666667
2018,biomass_forecast,494,,249.49532996944447
2018,biomass_forecast,493,,247.44964260555557
2018,biomass_forecast,492,,214.4519322527778
2018,biomass_forecast,491,,194.8606618194445
2018,biomass_forecast,490,,161.4588271277778
2018,biomass_forecast,489,,137.66543070000003
2018,biomass_forecast,488,,237.53083758888891
2018,biomass_forecast,487,,329.35528692222226
2018,biomass_forecast,486,,135.0705793127778
2018,biomass_forecast,485,,245.84603501388895
2018,biomass_forecast,484,,284.64819378333334
2018,biomass_forecast,483,,126.77932994305557
2018,biomass_forecast,482,,8.113665461916666
2018,biomass_forecast,481,,1.0165608427500001
2018,biomass_forecast,480,,1.5469434858055555
2018,biomass_forecast,479,,15.378533614472223
2018,biomass_forecast,478,,45.144197358888896
2018,biomass_forecast,477,,16.813352929333334
2018,biomass_forecast,476,,1.681040121361111
2018,biomass_forecast,475,,30.795869246111113
2018,biomass_forecast,474,,26.556244689722227
2018,biomass_forecast,473,,11.447561555361114
2018,biomass_forecast,472,,21.130983378916664
2018,biomass_forecast,471,,0.42582629302777786
2018,biomass_forecast,470,,0.22343974438888892
2018,biomass_forecast,469,,4.510952065500001
2018,biomass_forecast,468,,33.48014232972223
2018,biomass_forecast,467,,2.9161455830000005
2018,biomass_forecast,466,,64.01755608694444
2018,biomass_forecast,465,,45.75792407972224
2018,biomass_forecast,464,,31.790339099722225
2018,biomass_forecast,463,,45.29181877833334
2018,biomass_forecast,462,,3.327367411555555
2018,biomass_forecast,461,,1.4328371485000002
2018,biomass_forecast,460,,20.11848145116667
2018,biomass_forecast,459,,6.058135053805556
2018,biomass_forecast,458,,5.163941737361111
2018,biomass_forecast,457,,0.3705322633888889
2018,biomass_forecast,456,,0.31443952561111116
2018,biomass_forecast,455,,0.08989143766666668
2018,biomass_forecast,454,,77.08820575972221
2018,biomass_forecast,453,,103.38914936805556
2018,biomass_forecast,452,,163.2941262916667
2018,biomass_forecast,451,,118.98311719444445
2018,biomass_forecast,450,,136.31803193611114
2018,biomass_forecast,449,,160.1844003666667
2018,biomass_forecast,448,,137.91728910833334
2018,biomass_forecast,447,,260.8682725638889
2018,biomass_forecast,446,,219.736463775
2018,biomass_forecast,445,,142.31163598055556
2018,biomass_forecast,444,,94.53031858194446
2018,biomass_forecast,443,,176.75250245555554
2018,biomass_forecast,442,,252.09544331666672
2018,biomass_forecast,441,,240.05904008611114
2018,biomass_forecast,440,,232.65211359444444
2018,biomass_forecast,439,,234.95303218333336
2018,biomass_forecast,438,,211.55109022222223
2018,biomass_forecast,437,,219.22945615833336
2018,biomass_forecast,436,,184.65921994722225
2018,biomass_forecast,435,,151.35076184722223
2018,biomass_forecast,434,,106.74820644944447
2018,biomass_forecast,433,,118.41479302555557
2018,biomass_forecast,432,,214.2665460277778
2018,biomass_forecast,431,,177.13320415
2018,biomass_forecast,430,,150.45138191111116
2018,biomass_forecast,429,,124.45495584083336
2018,biomass_forecast,428,,96.76551352111113
2018,biomass_forecast,427,,18.00155059527778
2018,biomass_forecast,426,,1.982934051027778
2018,biomass_forecast,425,,1.9532490945555558
2018,biomass_forecast,424,,4.586070562500001
2018,biomass_forecast,423,,26.92632895055556
2018,biomass_forecast,422,,70.22725740861112
2018,biomass_forecast,421,,62.069541557499996
2018,biomass_forecast,420,,28.24082888638889
2018,biomass_forecast,419,,66.78955258055556
2018,biomass_forecast,418,,85.99513054166667
2018,biomass_forecast,417,,74.82635847222222
2018,biomass_forecast,416,,50.11359659972223
2018,biomass_forecast,415,,0.21874646544444445
2018,biomass_forecast,414,,0.00639308713888889
2018,biomass_forecast,413,,0.5044350351666668
2018,biomass_forecast,412,,0.6526449904444446
2018,biomass_forecast,411,,9.713096035944446
2018,biomass_forecast,410,,14.400068269027779
2018,biomass_forecast,409,,3.589226570194445
2018,biomass_forecast,408,,2.338240951611111
2018,biomass_forecast,407,,2.17868923475
2018,biomass_forecast,406,,0.04826519872222223
2018,biomass_forecast,405,,1.511849281027778
2018,biomass_forecast,404,,0.5484789493611112
2018,biomass_forecast,403,,8.31803730988889
2018,biomass_forecast,402,,36.86407592333334
2018,biomass_forecast,401,,149.9067174916667
2018,biomass_forecast,400,,93.68066681722222
2018,biomass_forecast,399,,141.223737075
2018,biomass_forecast,398,,75.00384373305556
2018,biomass_forecast,397,,85.30419053722223
2018,biomass_forecast,396,,224.3464597055556
2018,biomass_forecast,395,,146.63947400166666
2018,biomass_forecast,394,,199.9988598416667
2018,biomass_forecast,393,,176.32316081944447
2018,biomass_forecast,392,,170.0337990888889
2018,biomass_forecast,391,,178.80075666111114
2018,biomass_forecast,390,,216.15836335000003
2018,biomass_forecast,389,,248.04164081111114
2018,biomass_forecast,388,,187.82990053888892
2018,biomass_forecast,387,,137.99145338055555
2018,biomass_forecast,386,,183.43443681111114
2018,biomass_forecast,385,,149.92638102222222
2018,biomass_forecast,384,,143.20430121111113
2018,biomass_forecast,383,,160.3399208777778
2018,biomass_forecast,382,,155.02461116444448
2018,biomass_forecast,381,,228.0641216888889
2018,biomass_forecast,380,,305.84779696944446
2018,biomass_forecast,379,,141.94200768611114
2018,biomass_forecast,378,,156.48177740000003
2018,biomass_forecast,377,,137.36231930555556
2018,biomass_forecast,376,,113.69262843611112
2018,biomass_forecast,375,,26.011508041111117
2018,biomass_forecast,374,,9.204048408388891
2018,biomass_forecast,373,,11.931775887
2018,biomass_forecast,372,,31.189803230000003
2018,biomass_forecast,371,,91.36384317527778
2018,biomass_forecast,370,,46.953117267500005
2018,biomass_forecast,369,,67.02555688111111
2018,biomass_forecast,368,,113.15688706027778
2018,biomass_forecast,367,,40.193562347500006
2018,biomass_forecast,366,,1.6467951434166668
2018,biomass_forecast,365,,11.334971254611112
2018,biomass_forecast,364,,8.962213821027778
2018,biomass_forecast,363,,1.7619236540277778
2018,biomass_forecast,362,,0.7786155392777778
2018,biomass_forecast,361,,0.6338687315555556
2018,biomass_forecast,360,,0.6783918850555555
2018,biomass_forecast,359,,0.16559628036111115
2018,biomass_forecast,358,,27.912350656111112
2018,biomass_forecast,357,,39.377486654166674
2018,biomass_forecast,356,,187.34985820833333
2018,biomass_forecast,355,,175.48781290000002
2018,biomass_forecast,354,,46.377744356111116
2018,biomass_forecast,353,,71.24876201861112
2018,biomass_forecast,352,,197.3710785
2018,biomass_forecast,351,,296.1251822666667
2018,biomass_forecast,350,,182.40634706944448
2018,biomass_forecast,349,,233.13932546388892
2018,biomass_forecast,348,,254.6428209916667
2018,biomass_forecast,347,,228.68501238611114
2018,biomass_forecast,346,,185.01368460833336
2018,biomass_forecast,345,,208.1057103666667
2018,biomass_forecast,344,,181.72581819722222
2018,biomass_forecast,343,,189.36201434166668
2018,biomass_forecast,342,,241.89662000833334
2018,biomass_forecast,341,,268.4474300805556
2018,biomass_forecast,340,,240.86171131111112
2018,biomass_forecast,339,,214.62863539166668
2018,biomass_forecast,338,,227.42300499444445
2018,biomass_forecast,337,,281.49552917222223
2018,biomass_forecast,336,,183.212704125
2018,biomass_forecast,335,,105.41707292222226
2018,biomass_forecast,334,,111.70200051444446
2018,biomass_forecast,333,,67.31709459055557
2018,biomass_forecast,332,,11.252125077527781
2018,biomass_forecast,331,,7.064438079666667
2018,biomass_forecast,330,,0.2018308036111111
2018,biomass_forecast,329,,0.6332136955833335
2018,biomass_forecast,328,,0.9896680696388891
2018,biomass_forecast,327,,0.018061431
2018,biomass_forecast,326,,2.2300855467500003
2018,biomass_forecast,325,,28.07963016388889
2018,biomass_forecast,324,,80.35905763861112
2018,biomass_forecast,323,,96.68902471166668
2018,biomass_forecast,322,,21.507096926055556
2018,biomass_forecast,321,,4.0372481925555554
2018,biomass_forecast,320,,14.534195183611113
2018,biomass_forecast,319,,12.374431743333334
2018,biomass_forecast,318,,5.002051175
2018,biomass_forecast,317,,5.353396804722223
2018,biomass_forecast,316,,1.7310747614722226
2018,biomass_forecast,315,,15.454222414722222
2018,biomass_forecast,314,,121.04170503000003
2018,biomass_forecast,313,,131.3241871777778
2018,biomass_forecast,312,,79.90488624500001
2018,biomass_forecast,311,,161.39709430833338
2018,biomass_forecast,310,,234.2231636138889
2018,biomass_forecast,309,,338.9655032722223
2018,biomass_forecast,308,,188.70476870833335
2018,biomass_forecast,307,,231.07650800833338
2018,biomass_forecast,306,,223.07070795833332
2018,biomass_forecast,305,,211.17146427777783
2018,biomass_forecast,304,,185.5545692388889
2018,biomass_forecast,303,,195.95151394444443
2018,biomass_forecast,302,,189.99096553611113
2018,biomass_forecast,301,,278.5357860916667
2018,biomass_forecast,300,,271.8018188305556
2018,biomass_forecast,299,,254.35476301666668
2018,biomass_forecast,298,,245.92734484722226
2018,biomass_forecast,297,,205.89415273611112
2018,biomass_forecast,296,,255.2349425527778
2018,biomass_forecast,295,,174.17859946722223
2018,biomass_forecast,294,,165.2059288138889
2018,biomass_forecast,293,,123.25289091000003
2018,biomass_forecast,292,,105.00587885361114
2018,biomass_forecast,291,,45.778363599722226
2018,biomass_forecast,290,,12.52438741138889
2018,biomass_forecast,289,,50.78147782083333
2018,biomass_forecast,288,,14.94929157277778
2018,biomass_forecast,287,,33.440764746666666
2018,biomass_forecast,286,,12.82866115075
2018,biomass_forecast,285,,1.2200267703055558
2018,biomass_forecast,284,,13.883025780861113
2018,biomass_forecast,283,,35.08268223777779
2018,biomass_forecast,282,,12.06375927575
2018,biomass_forecast,281,,0.0025399999444444448
2018,biomass_forecast,280,,0.11050498072222223
2018,biomass_forecast,279,,2.238175614138889
2018,biomass_forecast,278,,15.268622358166672
2018,biomass_forecast,277,,4.598428070583334
2018,biomass_forecast,276,,0.0005902854444444445
2018,biomass_forecast,275,,8.554357952444446
2018,biomass_forecast,274,,65.40082380472224
2018,biomass_forecast,273,,44.55374489833334
2018,biomass_forecast,272,,178.67838033333337
2018,biomass_forecast,271,,225.2078450388889
2018,biomass_forecast,270,,176.95340683611116
2018,biomass_forecast,269,,216.48256175833336
2018,biomass_forecast,268,,218.6241544138889
2018,biomass_forecast,267,,159.74917390555555
2018,biomass_forecast,266,,221.3875630777778
2018,biomass_forecast,265,,172.77869966111112
2018,biomass_forecast,264,,145.08419206666667
2018,biomass_forecast,263,,187.0292299027778
2018,biomass_forecast,262,,183.94302578611115
2018,biomass_forecast,261,,213.59393141388892
2018,biomass_forecast,260,,215.95826296944446
2018,biomass_forecast,259,,168.00714070000004
2018,biomass_forecast,258,,180.69680785833336
2018,biomass_forecast,257,,225.81747564166665
2018,biomass_forecast,256,,129.46936820055555
2018,biomass_forecast,255,,100.04503568527777
2018,biomass_forecast,254,,167.42672177500003
2018,biomass_forecast,253,,233.98452417777779
2018,biomass_forecast,252,,155.789273365
2018,biomass_forecast,251,,95.81461927111113
2018,biomass_forecast,250,,65.13559701583335
2018,biomass_forecast,249,,89.3611670613889
2018,biomass_forecast,248,,14.55177529702778
2018,biomass_forecast,247,,4.187190784527778
2018,biomass_forecast,246,,4.18678508213889
2018,biomass_forecast,245,,0.05699083708333333
2018,biomass_forecast,244,,4.638215980027778
2018,biomass_forecast,243,,10.058258109194444
2018,biomass_forecast,242,,72.18836529972225
2018,biomass_forecast,241,,115.65749974055556
2018,biomass_forecast,240,,25.958988189722223
2018,biomass_forecast,239,,15.578011725055559
2018,biomass_forecast,238,,18.469148422777778
2018,biomass_forecast,237,,21.565454378138888
2018,biomass_forecast,236,,17.700444116111115
2018,biomass_forecast,235,,1.2114892311944445
2018,biomass_forecast,234,,20.883678966055555
2018,biomass_forecast,233,,22.171546353333337
2018,biomass_forecast,232,,18.16967693916667
2018,biomass_forecast,231,,76.00878874666668
2018,biomass_forecast,230,,254.78225198888887
2018,biomass_forecast,229,,260.7960637388889
2018,biomass_forecast,228,,158.4905200638889
2018,biomass_forecast,227,,95.38054339222222
2018,biomass_forecast,226,,114.6502422638889
2018,biomass_forecast,225,,224.98109650555554
2018,biomass_forecast,224,,152.99256304722223
2018,biomass_forecast,223,,153.9976433666667
2018,biomass_forecast,222,,144.77481864722225
2018,biomass_forecast,221,,169.45002999722226
2018,biomass_forecast,220,,183.76816134722222
2018,biomass_forecast,219,,223.33382965000004
2018,biomass_forecast,218,,182.64688874722225
2018,biomass_forecast,217,,150.33598583555556
2018,biomass_forecast,216,,137.78471543888892
2018,biomass_forecast,215,,70.345839925
2018,biomass_forecast,214,,100.79735078027778
2018,biomass_forecast,213,,151.26576738055556
2018,biomass_forecast,212,,261.98880598333335
2018,biomass_forecast,211,,98.45972442666668
2018,biomass_forecast,210,,70.05163404722222
2018,biomass_forecast,209,,70.50984944194445
2018,biomass_forecast,208,,71.69010215194444
2018,biomass_forecast,207,,1.3658092551944445
2018,biomass_forecast,206,,0.2218778021944445
2018,biomass_forecast,205,,0.007580312583333334
2018,biomass_forecast,204,,0.019051563611111117
2018,biomass_forecast,203,,0.013740881472222221
2018,biomass_forecast,202,,6.878986153611112
2018,biomass_forecast,201,,19.27415015861111
2018,biomass_forecast,200,,21.02406806577778
2018,biomass_forecast,199,,8.273269625361113
2018,biomass_forecast,198,,3.493088791777778
2018,biomass_forecast,197,,1.8994802582222223
2018,biomass_forecast,196,,0.4001133326944445
2018,biomass_forecast,195,,2.125690675305556
2018,biomass_forecast,194,,2.3572802776388886
2018,biomass_forecast,193,,18.763221449444448
2018,biomass_forecast,192,,51.78329923361112
2018,biomass_forecast,191,,154.3726800277778
2018,biomass_forecast,190,,189.6988656777778
2018,biomass_forecast,189,,65.6336663563889
2018,biomass_forecast,188,,10.558989353361111
2018,biomass_forecast,187,,50.731967396944455
2018,biomass_forecast,186,,87.49764484861113
2018,biomass_forecast,185,,81.98847092833336
2018,biomass_forecast,184,,94.61578177888889
2018,biomass_forecast,183,,107.19118882027779
2018,biomass_forecast,182,,98.72453903194446
2018,biomass_forecast,181,,180.79866199444447
2018,biomass_forecast,180,,222.6972948611111
2018,biomass_forecast,179,,162.5328568138889
2018,biomass_forecast,178,,150.0955183305556
2018,biomass_forecast,177,,113.18802641972222
2018,biomass_forecast,176,,117.50222377472222
2018,biomass_forecast,175,,120.46172460166667
2018,biomass_forecast,174,,124.12537172833333
2018,biomass_forecast,173,,136.30856683833335
2018,biomass_forecast,172,,92.12121380138889
2018,biomass_forecast,171,,82.84102311666668
2018,biomass_forecast,170,,62.032770472500005
2018,biomass_forecast,169,,16.09117868388889
2018,biomass_forecast,168,,0.3256344400277778
2018,biomass_forecast,167,,0.14597551325
2018,biomass_forecast,166,,26.80455334972223
2018,biomass_forecast,165,,68.97020848472222
2018,biomass_forecast,164,,184.74968889444446
2018,biomass_forecast,163,,56.12357965916667
2018,biomass_forecast,162,,8.868156274805557
2018,biomass_forecast,161,,12.697697241722222
2018,biomass_forecast,160,,52.20943811111112
2018,biomass_forecast,159,,108.43426131111111
2018,biomass_forecast,158,,160.10410436111113
2018,biomass_forecast,157,,136.50306148055557
2018,biomass_forecast,156,,141.46282660888892
2018,biomass_forecast,155,,172.64211400555558
2018,biomass_forecast,154,,160.04387410555557
2018,biomass_forecast,153,,149.37363137500003
2018,biomass_forecast,152,,107.57395533500001
2018,biomass_forecast,151,,127.68495794444446
2018,biomass_forecast,150,,129.60359638333335
2018,biomass_forecast,149,,128.1004022027778
2018,biomass_forecast,148,,114.69229336972224
2018,biomass_forecast,147,,162.07363170833335
2018,biomass_forecast,146,,123.09165658333333
2018,biomass_forecast,145,,107.03387047194444
2018,biomass_forecast,144,,86.00613551527779
2018,biomass_forecast,143,,30.885366440833334
2018,biomass_forecast,142,,0.5754455938611112
2018,biomass_forecast,141,,1.2282992235555559
2018,biomass_forecast,140,,8.885949982055557
2018,biomass_forecast,139,,40.50774309388889
2018,biomass_forecast,138,,22.599900591111112
2018,biomass_forecast,137,,6.511792567055556
2018,biomass_forecast,136,,22.12498312416667
2018,biomass_forecast,135,,44.53329149722223
2018,biomass_forecast,134,,38.364725058611114
2018,biomass_forecast,133,,131.38500763611114
2018,biomass_forecast,132,,125.08444849166668
2018,biomass_forecast,131,,142.4475947527778
2018,biomass_forecast,130,,156.54729036944448
2018,biomass_forecast,129,,164.2993897277778
2018,biomass_forecast,128,,131.11411348833335
2018,biomass_forecast,127,,121.0047194338889
2018,biomass_forecast,126,,133.94767633611113
2018,biomass_forecast,125,,131.78219074166668
2018,biomass_forecast,124,,150.54305774444447
2018,biomass_forecast,123,,138.83007261833336
2018,biomass_forecast,122,,169.06419118888888
2018,biomass_forecast,121,,106.92987567916667
2018,biomass_forecast,120,,82.46621280500001
2018,biomass_forecast,119,,98.34035470111111
2018,biomass_forecast,118,,24.755821970000003
2018,biomass_forecast,117,,0.34778331211111113
2018,biomass_forecast,116,,0.025274930638888894
2018,biomass_forecast,115,,1.2717761296666668
2018,biomass_forecast,114,,16.8041902375
2018,biomass_forecast,113,,21.413116030833333
2018,biomass_forecast,112,,5.756880207444445
2018,biomass_forecast,111,,7.072047486222223
2018,biomass_forecast,110,,4.673086577277778
2018,biomass_forecast,109,,11.773728330416668
2018,biomass_forecast,108,,6.734478513250001
2018,biomass_forecast,107,,75.69147406694447
2018,biomass_forecast,106,,121.47818904333336
2018,biomass_forecast,105,,147.71144103611113
2018,biomass_forecast,104,,128.45529919361113
2018,biomass_forecast,103,,112.72206856333335
2018,biomass_forecast,102,,149.33042269166668
2018,biomass_forecast,101,,185.11578496111113
2018,biomass_forecast,100,,121.92425409722225
2018,biomass_forecast,99,,125.50565085777778
2018,biomass_forecast,98,,126.16820333277778
2018,biomass_forecast,97,,155.76376108055558
2018,biomass_forecast,96,,134.94139797916668
2018,biomass_forecast,95,,86.69993844750002
2018,biomass_forecast,94,,122.28183046833335
2018,biomass_forecast,93,,143.09997091944447
2018,biomass_forecast,92,,46.576632763888895
2018,biomass_forecast,91,,1.1883916791944444
2018,biomass_forecast,90,,0.12488283802777779
2018,biomass_forecast,89,,8.453467687583336
2018,biomass_forecast,88,,42.510512775277775
2018,biomass_forecast,87,,12.886258045194447
2018,biomass_forecast,86,,6.594067798555556
2018,biomass_forecast,85,,32.887100907500006
2018,biomass_forecast,84,,73.36360412055556
2018,biomass_forecast,83,,29.240195697500003
2018,biomass_forecast,82,,46.44223801527777
2018,biomass_forecast,81,,35.63730223888889
2018,biomass_forecast,80,,107.05220816694448
2018,biomass_forecast,79,,166.83769608611112
2018,biomass_forecast,78,,176.5788989638889
2018,biomass_forecast,77,,105.85061730055558
2018,biomass_forecast,76,,136.64638414444445
2018,biomass_forecast,75,,188.89953613611115
2018,biomass_forecast,74,,156.3950564027778
2018,biomass_forecast,73,,117.41281996583335
2018,biomass_forecast,72,,110.76865535944445
2018,biomass_forecast,71,,115.56397819638889
2018,biomass_forecast,70,,101.81795163666668
2018,biomass_forecast,69,,7.238929257722223
2018,biomass_forecast,68,,0.12697290983333334
2018,biomass_forecast,67,,0.4112854360833334
2018,biomass_forecast,66,,6.619802633888889
2018,biomass_forecast,65,,4.799338532888889
2018,biomass_forecast,64,,9.792539835388888
2018,biomass_forecast,63,,22.315470800000003
2018,biomass_forecast,62,,7.843836320666668
2018,biomass_forecast,61,,15.863058168055558
2018,biomass_forecast,60,,71.09514702472222
2018,biomass_forecast,59,,75.4771242138889
2018,biomass_forecast,58,,105.43980599416669
2018,biomass_forecast,57,,110.83611762916668
2018,biomass_forecast,56,,151.11972938611115
2018,biomass_forecast,55,,128.17153590555557
2018,biomass_forecast,54,,143.8506198611111
2018,biomass_forecast,53,,149.56517877083334
2018,biomass_forecast,52,,112.52528679527778
2018,biomass_forecast,51,,109.39361806805556
2018,biomass_forecast,50,,108.69329302583334
2018,biomass_forecast,49,,107.76723162972223
2018,biomass_forecast,48,,87.18706734916668
2018,biomass_forecast,47,,18.104976309805554
2018,biomass_forecast,46,,0.5050442199166667
2018,biomass_forecast,45,,0.28835285838888897
2018,biomass_forecast,44,,2.4720543028055557
2018,biomass_forecast,43,,27.16699271722222
2018,biomass_forecast,42,,95.13745435
2018,biomass_forecast,41,,82.74064604472223
2018,biomass_forecast,40,,68.10419993972224
2018,biomass_forecast,39,,68.9991023813889
2018,biomass_forecast,38,,96.64025455277778
2018,biomass_forecast,37,,151.60365084444445
2018,biomass_forecast,36,,163.98675451111112
2018,biomass_forecast,35,,114.44108855861111
2018,biomass_forecast,34,,124.64444923500002
2018,biomass_forecast,33,,133.05839623333335
2018,biomass_forecast,32,,141.58038119166667
2018,biomass_forecast,31,,94.16617668944446
2018,biomass_forecast,30,,30.30167447277778
2018,biomass_forecast,29,,0.2445198068888889
2018,biomass_forecast,28,,4.570981456166668
2018,biomass_forecast,27,,34.922845468611115
2018,biomass_forecast,26,,44.26167408583334
2018,biomass_forecast,25,,67.91457600194445
2018,biomass_forecast,24,,126.14659606250001
2018,biomass_forecast,23,,125.78551015555558
2018,biomass_forecast,22,,112.06023025500002
2018,biomass_forecast,21,,109.2027581588889
2018,biomass_forecast,20,,98.30739348944448
2018,biomass_forecast,19,,74.46511978583335
2018,biomass_forecast,18,,136.46521420833335
2018,biomass_forecast,17,,149.51944479722223
2018,biomass_forecast,16,,81.96112505666667
2018,biomass_forecast,15,,38.92538420416667
2018,biomass_forecast,14,,0.5774703408055556
2018,biomass_forecast,13,,0.1811327843055556
2018,biomass_forecast,12,,4.4475868343055565
2018,biomass_forecast,11,,5.282352281972222
2018,biomass_forecast,10,,11.504608987805558
2018,biomass_forecast,9,,55.99925051861111
2018,biomass_forecast,8,,42.8033962788889
2018,biomass_forecast,7,,57.228512550833344
2018,biomass_forecast,6,,39.58283011
2018,biomass_forecast,5,,29.326038677222222
2018,biomass_forecast,4,,20.215844418611113
2018,biomass_forecast,3,,81.39481672000001
2018,biomass_forecast,2,,60.2668105225
2018,biomass_forecast,1,,33.37712621833334
2018,biomass_forecast,0,,7.358204656527779